instance_name;beta;h;max_time;seed;ML_used;makespan;makespan_bb;;;;;;;;;;;;;;;;;;;;;;
t_j20_m5.txt;0.1;1.5;60;12345;6;1297;1305.37;;;;;;;;;;;;;;;;;;;;;;
t_j20_m5.txt;0.1;1.5;60;435451;6;1297;1308.37;;;;;;;;;;;;;;;;;;;;;;
t_j20_m5.txt;0.1;1.5;60;56162;6;1297;1307.8;;;Etiquetas de columna;;;;;;;;;;;;;;;;;;;
t_j20_m5.txt;0.1;1.5;60;68813;6;1297;1307.245;;;0.1;;0.2;;0.3;;0.4;;0.5;;0.6;;0.7;;0.8;;0.9;;Total Mín. de makespan;Total Promedio de makespan2
t_j20_m5.txt;0.1;1.5;60;368387;6;1297;1307.245;;Etiquetas de fila;Mín. de makespan;Promedio de makespan2;Mín. de makespan;Promedio de makespan2;Mín. de makespan;Promedio de makespan2;Mín. de makespan;Promedio de makespan2;Mín. de makespan;Promedio de makespan2;Mín. de makespan;Promedio de makespan2;Mín. de makespan;Promedio de makespan2;Mín. de makespan;Promedio de makespan2;Mín. de makespan;Promedio de makespan2;;
t_j20_m5.txt;0.1;1.5;60;687619;6;1297;1307.245;;t_j100_m10.txt;5805;5835.444444;5805;5835.444444;5805;5835.444444;5805;5835.444444;5805;5835.444444;5805;5835.444444;5805;5835.444444;5805;5835.444444;5805;5835.444444;5805;5835.444444
t_j20_m5.txt;0.1;1.5;60;354135;6;1297;1308.295;;t_j100_m20.txt;6513;6543.888889;6513;6543.888889;6513;6543.888889;6513;6543.888889;6513;6543.888889;6513;6543.888889;6513;6543.888889;6513;6543.888889;6513;6543.888889;6513;6543.888889
t_j20_m5.txt;0.1;1.5;60;839113;6;1297;1303.27;;t_j100_m5.txt;5503;5507.222222;5503;5507.222222;5503;5507.222222;5503;5507.222222;5503;5507.222222;5503;5507.222222;5503;5507.222222;5503;5507.222222;5503;5507.222222;5503;5507.222222
t_j20_m5.txt;0.1;1.5;60;123452;6;1297;1308.595;;t_j20_m10.txt;1591;1608.666667;1591;1608.666667;1591;1608.666667;1591;1608.666667;1591;1608.666667;1591;1608.666667;1591;1608.666667;1591;1608.666667;1591;1608.666667;1591;1608.666667
t_j20_m5.txt;0.2;1.5;60;12345;6;1297;1307.245;;t_j20_m20.txt;2317;2344.555556;2317;2344.555556;2317;2344.555556;2317;2344.555556;2317;2344.555556;2317;2344.555556;2317;2344.555556;2317;2344.555556;2317;2344.555556;2317;2344.555556
t_j20_m5.txt;0.2;1.5;60;435451;6;1297;1309.345;;t_j20_m5.txt;1297;1297;1297;1297;1297;1297;1278;1295.1;1297;1297;1297;1297;1297;1297;1297;1297;1297;1297;1278;1296.768293
t_j20_m5.txt;0.2;1.5;60;56162;6;1297;1307.8;;t_j200_m10.txt;10927;10971.55556;10927;10971.55556;10927;10971.55556;10927;10971.55556;10927;10971.55556;10927;10971.55556;10927;10971.55556;10927;10971.55556;10927;10971.55556;10927;10971.55556
t_j20_m5.txt;0.2;1.5;60;68813;6;1297;1307.245;;t_j200_m20.txt;11609;11656;11609;11656;11609;11656;11609;11656;11609;11656;11609;11656;11609;11656;11609;11656;11609;11656;11609;11656
t_j20_m5.txt;0.2;1.5;60;368387;6;1297;1307.245;;t_j50_m10.txt;3092;3109.444444;3092;3109.444444;3092;3109.444444;3092;3109.444444;3092;3109.444444;3092;3109.444444;3092;3109.444444;3092;3109.444444;3092;3109.444444;3092;3109.444444
t_j20_m5.txt;0.2;1.5;60;687619;6;1297;1307.245;;t_j50_m20.txt;4042;4055.111111;4042;4055.111111;4042;4055.111111;4042;4055.111111;4042;4055.111111;4042;4055.111111;4042;4055.111111;4042;4055.111111;4042;4055.111111;4042;4055.111111
t_j20_m5.txt;0.2;1.5;60;354135;6;1297;1308.295;;t_j50_m5.txt;2724;2730.888889;2724;2730.888889;2724;2730.888889;2724;2730.888889;2724;2730.888889;2724;2730.888889;2724;2730.888889;2724;2730.888889;2724;2730.888889;2724;2730.888889
t_j20_m5.txt;0.2;1.5;60;839113;6;1297;1303.27;;t_j500_m20.txt;26682;26782.66667;26682;26782.66667;26682;26782.66667;26682;26782.66667;26682;26782.66667;26682;26782.66667;26682;26782.66667;26682;26782.66667;26682;26782.66667;26682;26782.66667
t_j20_m5.txt;0.2;1.5;60;123452;6;1297;1308.595;;Total general;1297;6870.203704;1297;6870.203704;1297;6870.203704;1278;6818.899083;1297;6870.203704;1297;6870.203704;1297;6870.203704;1297;6870.203704;1297;6870.203704;1278;6864.456321
t_j20_m5.txt;0.3;1.5;60;12345;6;1297;1307.245;;;;;;;;;;;;;;;;;;;;;;
t_j20_m5.txt;0.3;1.5;60;435451;6;1297;1309.345;;;;;;;;;;;;;;;;;;;;;;
t_j20_m5.txt;0.3;1.5;60;56162;6;1297;1307.8;;;;;;;;;;;;;;;;;;;;;;
t_j20_m5.txt;0.3;1.5;60;68813;6;1297;1307.245;;;;;;;;;;;;;;;;;;;;;;
t_j20_m5.txt;0.3;1.5;60;368387;6;1297;1307.245;;;;;;;;;;;;;;;;;;;;;;
t_j20_m5.txt;0.3;1.5;60;687619;6;1297;1307.245;;;;;;;;;;;;;;;;;;;;;;
t_j20_m5.txt;0.3;1.5;60;354135;6;1297;1308.295;;Instancia;Beta;;;;;;;;;;;;;;;;;;;
t_j20_m5.txt;0.3;1.5;60;839113;6;1297;1303.27;;;0.1;;0.2;;0.3;;0.4;;0.5;;0.6;;0.7;;0.8;;0.9;;;
t_j20_m5.txt;0.3;1.5;60;123452;6;1297;1308.595;;;Mínimo;Promedio;Mínimo;Promedio;Mínimo;Promedio;Mínimo;Promedio;Mínimo;Promedio;Mínimo;Promedio;Mínimo;Promedio;Mínimo;Promedio;Mínimo;Promedio;;
t_j20_m5.txt;0.4;1.5;60;12345;6;1297;1307.245;;t_j20_m5.txt;1297;1297.00;1297;1297.00;1297;1297.00;1278;1295.10;1297;1297.00;1297;1297.00;1297;1297.00;1297;1297.00;1297;1297.00;;
t_j20_m5.txt;0.4;1.5;60;435451;6;1297;1309.345;;t_j20_m10.txt;1591;1608.67;1591;1608.67;1591;1608.67;1591;1608.67;1591;1608.67;1591;1608.67;1591;1608.67;1591;1608.67;1591;1608.67;;
t_j20_m5.txt;0.4;1.5;60;56162;6;1297;1307.8;;t_j20_m20.txt;2317;2344.56;2317;2344.56;2317;2344.56;2317;2344.56;2317;2344.56;2317;2344.56;2317;2344.56;2317;2344.56;2317;2344.56;;
t_j20_m5.txt;0.4;1.5;60;68813;6;1297;1307.245;;t_j50_m5.txt;2724;2730.89;2724;2730.89;2724;2730.89;2724;2730.89;2724;2730.89;2724;2730.89;2724;2730.89;2724;2730.89;2724;2730.89;;
t_j20_m5.txt;0.4;1.5;60;368387;6;1297;1307.245;;t_j50_m10.txt;3092;3109.44;3092;3109.44;3092;3109.44;3092;3109.44;3092;3109.44;3092;3109.44;3092;3109.44;3092;3109.44;3092;3109.44;;
t_j20_m5.txt;0.4;1.5;60;687619;6;1297;1307.245;;t_j50_m20.txt;4042;4055.11;4042;4055.11;4042;4055.11;4042;4055.11;4042;4055.11;4042;4055.11;4042;4055.11;4042;4055.11;4042;4055.11;;
t_j20_m5.txt;0.4;1.5;60;354135;6;1297;1308.295;;t_j100_m5.txt;5503;5507.22;5503;5507.22;5503;5507.22;5503;5507.22;5503;5507.22;5503;5507.22;5503;5507.22;5503;5507.22;5503;5507.22;;
t_j20_m5.txt;0.4;1.5;60;839113;6;1297;1303.27;;t_j100_m10.txt;5805;5835.44;5805;5835.44;5805;5835.44;5805;5835.44;5805;5835.44;5805;5835.44;5805;5835.44;5805;5835.44;5805;5835.44;;
t_j20_m5.txt;0.4;1.5;60;123452;6;1297;1308.595;;t_j100_m20.txt;6513;6543.89;6513;6543.89;6513;6543.89;6513;6543.89;6513;6543.89;6513;6543.89;6513;6543.89;6513;6543.89;6513;6543.89;;
t_j20_m5.txt;0.5;1.5;60;12345;6;1297;1307.245;;t_j200_m10.txt;10927;10971.56;10927;10971.56;10927;10971.56;10927;10971.56;10927;10971.56;10927;10971.56;10927;10971.56;10927;10971.56;10927;10971.56;;
t_j20_m5.txt;0.5;1.5;60;435451;6;1297;1309.345;;t_j200_m20.txt;11609;11656.00;11609;11656.00;11609;11656.00;11609;11656.00;11609;11656.00;11609;11656.00;11609;11656.00;11609;11656.00;11609;11656.00;;
t_j20_m5.txt;0.5;1.5;60;56162;6;1297;1307.8;;t_j500_m20.txt;26682;26782.67;26682;26782.67;26682;26782.67;26682;26782.67;26682;26782.67;26682;26782.67;26682;26782.67;26682;26782.67;26682;26782.67;;
t_j20_m5.txt;0.5;1.5;60;68813;6;1297;1307.245;;Total;6841.8;6870.2;6841.8;6870.2;6841.8;6870.2;6840.3;6870.0;6841.8;6870.2;6841.8;6870.2;6841.8;6870.2;6841.8;6870.2;6841.8;6870.2;;
t_j20_m5.txt;0.5;1.5;60;368387;6;1297;1307.245;;;;;;;;;;;;;;;;;;;;;;
t_j20_m5.txt;0.5;1.5;60;687619;6;1297;1307.245;;;;;;;;;;;;;;;;;;;;;;
t_j20_m5.txt;0.5;1.5;60;354135;6;1297;1308.295;;;;;;;;;;;;;;;;;;;;;;
t_j20_m5.txt;0.5;1.5;60;839113;6;1297;1303.27;;;;;;;;;;;;;;;;;;;;;;
t_j20_m5.txt;0.5;1.5;60;123452;6;1297;1308.595;;;;;;;;;;;;;;;;;;;;;;
t_j20_m5.txt;0.6;1.5;60;12345;6;1297;1307.245;;;;;;;;;;;;;;;;;;;;;;
t_j20_m5.txt;0.6;1.5;60;435451;6;1297;1309.345;;;;;;;;;;;;;;;;;;;;;;
t_j20_m5.txt;0.6;1.5;60;56162;6;1297;1307.8;;;;;;;;;;;;;;;;;;;;;;
t_j20_m5.txt;0.6;1.5;60;68813;6;1297;1307.245;;;;;;;;;;;;;;;;;;;;;;
t_j20_m5.txt;0.6;1.5;60;368387;6;1297;1307.245;;;;;;;;;;;;;;;;;;;;;;
t_j20_m5.txt;0.6;1.5;60;687619;6;1297;1307.245;;;;;;;;;;;;;;;;;;;;;;
t_j20_m5.txt;0.6;1.5;60;354135;6;1297;1308.295;;;;;;;;;;;;;;;;;;;;;;
t_j20_m5.txt;0.6;1.5;60;839113;6;1297;1303.27;;;;;;;;;;;;;;;;;;;;;;
t_j20_m5.txt;0.6;1.5;60;123452;6;1297;1308.595;;;;;;;;;;;;;;;;;;;;;;
t_j20_m5.txt;0.7;1.5;60;12345;6;1297;1307.245;;;;;;;;;;;;;;;;;;;;;;
t_j20_m5.txt;0.7;1.5;60;435451;6;1297;1309.345;;;;;;;;;;;;;;;;;;;;;;
t_j20_m5.txt;0.7;1.5;60;56162;6;1297;1307.8;;;;;;;;;;;;;;;;;;;;;;
t_j20_m5.txt;0.7;1.5;60;68813;6;1297;1307.245;;;;;;;;;;;;;;;;;;;;;;
t_j20_m5.txt;0.7;1.5;60;368387;6;1297;1307.245;;;;;;;;;;;;;;;;;;;;;;
t_j20_m5.txt;0.7;1.5;60;687619;6;1297;1307.245;;;;;;;;;;;;;;;;;;;;;;
t_j20_m5.txt;0.7;1.5;60;354135;6;1297;1308.295;;;;;;;;;;;;;;;;;;;;;;
t_j20_m5.txt;0.7;1.5;60;839113;6;1297;1303.27;;;;;;;;;;;;;;;;;;;;;;
t_j20_m5.txt;0.7;1.5;60;123452;6;1297;1308.595;;;;;;;;;;;;;;;;;;;;;;
t_j20_m5.txt;0.8;1.5;60;12345;6;1297;1307.245;;;;;;;;;;;;;;;;;;;;;;
t_j20_m5.txt;0.8;1.5;60;435451;6;1297;1309.345;;;;;;;;;;;;;;;;;;;;;;
t_j20_m5.txt;0.8;1.5;60;56162;6;1297;1307.8;;;;;;;;;;;;;;;;;;;;;;
t_j20_m5.txt;0.8;1.5;60;68813;6;1297;1307.245;;;;;;;;;;;;;;;;;;;;;;
t_j20_m5.txt;0.8;1.5;60;368387;6;1297;1307.245;;;;;;;;;;;;;;;;;;;;;;
t_j20_m5.txt;0.8;1.5;60;687619;6;1297;1307.245;;;;;;;;;;;;;;;;;;;;;;
t_j20_m5.txt;0.8;1.5;60;354135;6;1297;1308.295;;;;;;;;;;;;;;;;;;;;;;
t_j20_m5.txt;0.8;1.5;60;839113;6;1297;1303.27;;;;;;;;;;;;;;;;;;;;;;
t_j20_m5.txt;0.8;1.5;60;123452;6;1297;1308.595;;;;;;;;;;;;;;;;;;;;;;
t_j20_m5.txt;0.9;1.5;60;12345;6;1297;1307.245;;;;;;;;;;;;;;;;;;;;;;
t_j20_m5.txt;0.9;1.5;60;435451;6;1297;1309.345;;;;;;;;;;;;;;;;;;;;;;
t_j20_m5.txt;0.9;1.5;60;56162;6;1297;1307.8;;;;;;;;;;;;;;;;;;;;;;
t_j20_m5.txt;0.9;1.5;60;68813;6;1297;1307.245;;;;;;;;;;;;;;;;;;;;;;
t_j20_m5.txt;0.9;1.5;60;368387;6;1297;1307.245;;;;;;;;;;;;;;;;;;;;;;
t_j20_m5.txt;0.9;1.5;60;687619;6;1297;1307.245;;;;;;;;;;;;;;;;;;;;;;
t_j20_m5.txt;0.9;1.5;60;354135;6;1297;1308.295;;;;;;;;;;;;;;;;;;;;;;
t_j20_m5.txt;0.9;1.5;60;839113;6;1297;1303.27;;;;;;;;;;;;;;;;;;;;;;
t_j20_m5.txt;0.9;1.5;60;123452;6;1297;1308.595;;;;;;;;;;;;;;;;;;;;;;
t_j20_m10.txt;0.1;1.5;60;12345;6;1600;1636.25;;;;;;;;;;;;;;;;;;;;;;
t_j20_m10.txt;0.1;1.5;60;435451;6;1591;1639.45;;;;;;;;;;;;;;;;;;;;;;
t_j20_m10.txt;0.1;1.5;60;56162;6;1599;1617.96;;;;;;;;;;;;;;;;;;;;;;
t_j20_m10.txt;0.1;1.5;60;68813;6;1620;1637.225;;;;;;;;;;;;;;;;;;;;;;
t_j20_m10.txt;0.1;1.5;60;368387;6;1615;1633.7;;;;;;;;;;;;;;;;;;;;;;
t_j20_m10.txt;0.1;1.5;60;687619;6;1600;1636.735;;;;;;;;;;;;;;;;;;;;;;
t_j20_m10.txt;0.1;1.5;60;354135;6;1611;1634.875;;;;;;;;;;;;;;;;;;;;;;
t_j20_m10.txt;0.1;1.5;60;839113;6;1614;1640.745;;;;;;;;;;;;;;;;;;;;;;
t_j20_m10.txt;0.1;1.5;60;123452;6;1628;1640.45;;;;;;;;;;;;;;;;;;;;;;
t_j20_m10.txt;0.2;1.5;60;12345;6;1600;1636.25;;;;;;;;;;;;;;;;;;;;;;
t_j20_m10.txt;0.2;1.5;60;435451;6;1591;1639.45;;;;;;;;;;;;;;;;;;;;;;
t_j20_m10.txt;0.2;1.5;60;56162;6;1599;1617.96;;;;;;;;;;;;;;;;;;;;;;
t_j20_m10.txt;0.2;1.5;60;68813;6;1620;1637.225;;;;;;;;;;;;;;;;;;;;;;
t_j20_m10.txt;0.2;1.5;60;368387;6;1615;1633.7;;;;;;;;;;;;;;;;;;;;;;
t_j20_m10.txt;0.2;1.5;60;687619;6;1600;1636.735;;;;;;;;;;;;;;;;;;;;;;
t_j20_m10.txt;0.2;1.5;60;354135;6;1611;1634.875;;;;;;;;;;;;;;;;;;;;;;
t_j20_m10.txt;0.2;1.5;60;839113;6;1614;1640.745;;;;;;;;;;;;;;;;;;;;;;
t_j20_m10.txt;0.2;1.5;60;123452;6;1628;1640.45;;;;;;;;;;;;;;;;;;;;;;
t_j20_m10.txt;0.3;1.5;60;12345;6;1600;1636.25;;;;;;;;;;;;;;;;;;;;;;
t_j20_m10.txt;0.3;1.5;60;435451;6;1591;1639.45;;;;;;;;;;;;;;;;;;;;;;
t_j20_m10.txt;0.3;1.5;60;56162;6;1599;1617.96;;;;;;;;;;;;;;;;;;;;;;
t_j20_m10.txt;0.3;1.5;60;68813;6;1620;1637.225;;;;;;;;;;;;;;;;;;;;;;
t_j20_m10.txt;0.3;1.5;60;368387;6;1615;1633.7;;;;;;;;;;;;;;;;;;;;;;
t_j20_m10.txt;0.3;1.5;60;687619;6;1600;1636.735;;;;;;;;;;;;;;;;;;;;;;
t_j20_m10.txt;0.3;1.5;60;354135;6;1611;1634.875;;;;;;;;;;;;;;;;;;;;;;
t_j20_m10.txt;0.3;1.5;60;839113;6;1614;1640.745;;;;;;;;;;;;;;;;;;;;;;
t_j20_m10.txt;0.3;1.5;60;123452;6;1628;1640.45;;;;;;;;;;;;;;;;;;;;;;
t_j20_m10.txt;0.4;1.5;60;12345;6;1600;1636.25;;;;;;;;;;;;;;;;;;;;;;
t_j20_m10.txt;0.4;1.5;60;435451;6;1591;1639.45;;;;;;;;;;;;;;;;;;;;;;
t_j20_m10.txt;0.4;1.5;60;56162;6;1599;1617.96;;;;;;;;;;;;;;;;;;;;;;
t_j20_m10.txt;0.4;1.5;60;68813;6;1620;1637.225;;;;;;;;;;;;;;;;;;;;;;
t_j20_m10.txt;0.4;1.5;60;368387;6;1615;1633.7;;;;;;;;;;;;;;;;;;;;;;
t_j20_m10.txt;0.4;1.5;60;687619;6;1600;1636.735;;;;;;;;;;;;;;;;;;;;;;
t_j20_m10.txt;0.4;1.5;60;354135;6;1611;1634.875;;;;;;;;;;;;;;;;;;;;;;
t_j20_m10.txt;0.4;1.5;60;839113;6;1614;1640.745;;;;;;;;;;;;;;;;;;;;;;
t_j20_m10.txt;0.4;1.5;60;123452;6;1628;1640.45;;;;;;;;;;;;;;;;;;;;;;
t_j20_m10.txt;0.5;1.5;60;12345;6;1600;1636.25;;;;;;;;;;;;;;;;;;;;;;
t_j20_m10.txt;0.5;1.5;60;435451;6;1591;1639.45;;;;;;;;;;;;;;;;;;;;;;
t_j20_m10.txt;0.5;1.5;60;56162;6;1599;1617.96;;;;;;;;;;;;;;;;;;;;;;
t_j20_m10.txt;0.5;1.5;60;68813;6;1620;1637.225;;;;;;;;;;;;;;;;;;;;;;
t_j20_m10.txt;0.5;1.5;60;368387;6;1615;1633.7;;;;;;;;;;;;;;;;;;;;;;
t_j20_m10.txt;0.5;1.5;60;687619;6;1600;1636.735;;;;;;;;;;;;;;;;;;;;;;
t_j20_m10.txt;0.5;1.5;60;354135;6;1611;1634.875;;;;;;;;;;;;;;;;;;;;;;
t_j20_m10.txt;0.5;1.5;60;839113;6;1614;1640.745;;;;;;;;;;;;;;;;;;;;;;
t_j20_m10.txt;0.5;1.5;60;123452;6;1628;1640.45;;;;;;;;;;;;;;;;;;;;;;
t_j20_m10.txt;0.6;1.5;60;12345;6;1600;1636.25;;;;;;;;;;;;;;;;;;;;;;
t_j20_m10.txt;0.6;1.5;60;435451;6;1591;1639.45;;;;;;;;;;;;;;;;;;;;;;
t_j20_m10.txt;0.6;1.5;60;56162;6;1599;1617.96;;;;;;;;;;;;;;;;;;;;;;
t_j20_m10.txt;0.6;1.5;60;68813;6;1620;1637.225;;;;;;;;;;;;;;;;;;;;;;
t_j20_m10.txt;0.6;1.5;60;368387;6;1615;1633.7;;;;;;;;;;;;;;;;;;;;;;
t_j20_m10.txt;0.6;1.5;60;687619;6;1600;1636.735;;;;;;;;;;;;;;;;;;;;;;
t_j20_m10.txt;0.6;1.5;60;354135;6;1611;1634.875;;;;;;;;;;;;;;;;;;;;;;
t_j20_m10.txt;0.6;1.5;60;839113;6;1614;1640.745;;;;;;;;;;;;;;;;;;;;;;
t_j20_m10.txt;0.6;1.5;60;123452;6;1628;1640.45;;;;;;;;;;;;;;;;;;;;;;
t_j20_m10.txt;0.7;1.5;60;12345;6;1600;1636.25;;;;;;;;;;;;;;;;;;;;;;
t_j20_m10.txt;0.7;1.5;60;435451;6;1591;1639.45;;;;;;;;;;;;;;;;;;;;;;
t_j20_m10.txt;0.7;1.5;60;56162;6;1599;1617.96;;;;;;;;;;;;;;;;;;;;;;
t_j20_m10.txt;0.7;1.5;60;68813;6;1620;1637.225;;;;;;;;;;;;;;;;;;;;;;
t_j20_m10.txt;0.7;1.5;60;368387;6;1615;1633.7;;;;;;;;;;;;;;;;;;;;;;
t_j20_m10.txt;0.7;1.5;60;687619;6;1600;1636.735;;;;;;;;;;;;;;;;;;;;;;
t_j20_m10.txt;0.7;1.5;60;354135;6;1611;1634.875;;;;;;;;;;;;;;;;;;;;;;
t_j20_m10.txt;0.7;1.5;60;839113;6;1614;1640.745;;;;;;;;;;;;;;;;;;;;;;
t_j20_m10.txt;0.7;1.5;60;123452;6;1628;1640.45;;;;;;;;;;;;;;;;;;;;;;
t_j20_m10.txt;0.8;1.5;60;12345;6;1600;1636.25;;;;;;;;;;;;;;;;;;;;;;
t_j20_m10.txt;0.8;1.5;60;435451;6;1591;1639.45;;;;;;;;;;;;;;;;;;;;;;
t_j20_m10.txt;0.8;1.5;60;56162;6;1599;1617.96;;;;;;;;;;;;;;;;;;;;;;
t_j20_m10.txt;0.8;1.5;60;68813;6;1620;1637.225;;;;;;;;;;;;;;;;;;;;;;
t_j20_m10.txt;0.8;1.5;60;368387;6;1615;1633.7;;;;;;;;;;;;;;;;;;;;;;
t_j20_m10.txt;0.8;1.5;60;687619;6;1600;1636.735;;;;;;;;;;;;;;;;;;;;;;
t_j20_m10.txt;0.8;1.5;60;354135;6;1611;1634.875;;;;;;;;;;;;;;;;;;;;;;
t_j20_m10.txt;0.8;1.5;60;839113;6;1614;1640.745;;;;;;;;;;;;;;;;;;;;;;
t_j20_m10.txt;0.8;1.5;60;123452;6;1628;1640.45;;;;;;;;;;;;;;;;;;;;;;
t_j20_m10.txt;0.9;1.5;60;12345;6;1600;1636.25;;;;;;;;;;;;;;;;;;;;;;
t_j20_m10.txt;0.9;1.5;60;435451;6;1591;1639.45;;;;;;;;;;;;;;;;;;;;;;
t_j20_m10.txt;0.9;1.5;60;56162;6;1599;1617.96;;;;;;;;;;;;;;;;;;;;;;
t_j20_m10.txt;0.9;1.5;60;68813;6;1620;1637.225;;;;;;;;;;;;;;;;;;;;;;
t_j20_m10.txt;0.9;1.5;60;368387;6;1615;1633.7;;;;;;;;;;;;;;;;;;;;;;
t_j20_m10.txt;0.9;1.5;60;687619;6;1600;1636.735;;;;;;;;;;;;;;;;;;;;;;
t_j20_m10.txt;0.9;1.5;60;354135;6;1611;1634.875;;;;;;;;;;;;;;;;;;;;;;
t_j20_m10.txt;0.9;1.5;60;839113;6;1614;1640.745;;;;;;;;;;;;;;;;;;;;;;
t_j20_m10.txt;0.9;1.5;60;123452;6;1628;1640.45;;;;;;;;;;;;;;;;;;;;;;
t_j20_m20.txt;0.1;1.5;60;12345;6;2361;2378.01;;;;;;;;;;;;;;;;;;;;;;
t_j20_m20.txt;0.1;1.5;60;435451;6;2336;2350.91;;;;;;;;;;;;;;;;;;;;;;
t_j20_m20.txt;0.1;1.5;60;56162;6;2317;2342.33;;;;;;;;;;;;;;;;;;;;;;
t_j20_m20.txt;0.1;1.5;60;68813;6;2344;2360.45;;;;;;;;;;;;;;;;;;;;;;
t_j20_m20.txt;0.1;1.5;60;368387;6;2354;2374.25;;;;;;;;;;;;;;;;;;;;;;
t_j20_m20.txt;0.1;1.5;60;687619;6;2356;2364.47;;;;;;;;;;;;;;;;;;;;;;
t_j20_m20.txt;0.1;1.5;60;354135;6;2354;2368.16;;;;;;;;;;;;;;;;;;;;;;
t_j20_m20.txt;0.1;1.5;60;839113;6;2346;2365.47;;;;;;;;;;;;;;;;;;;;;;
t_j20_m20.txt;0.1;1.5;60;123452;6;2333;2360.98;;;;;;;;;;;;;;;;;;;;;;
t_j20_m20.txt;0.2;1.5;60;12345;6;2361;2378.01;;;;;;;;;;;;;;;;;;;;;;
t_j20_m20.txt;0.2;1.5;60;435451;6;2336;2350.91;;;;;;;;;;;;;;;;;;;;;;
t_j20_m20.txt;0.2;1.5;60;56162;6;2317;2342.33;;;;;;;;;;;;;;;;;;;;;;
t_j20_m20.txt;0.2;1.5;60;68813;6;2344;2360.45;;;;;;;;;;;;;;;;;;;;;;
t_j20_m20.txt;0.2;1.5;60;368387;6;2354;2374.25;;;;;;;;;;;;;;;;;;;;;;
t_j20_m20.txt;0.2;1.5;60;687619;6;2356;2364.47;;;;;;;;;;;;;;;;;;;;;;
t_j20_m20.txt;0.2;1.5;60;354135;6;2354;2368.16;;;;;;;;;;;;;;;;;;;;;;
t_j20_m20.txt;0.2;1.5;60;839113;6;2346;2365.47;;;;;;;;;;;;;;;;;;;;;;
t_j20_m20.txt;0.2;1.5;60;123452;6;2333;2360.98;;;;;;;;;;;;;;;;;;;;;;
t_j20_m20.txt;0.3;1.5;60;12345;6;2361;2378.01;;;;;;;;;;;;;;;;;;;;;;
t_j20_m20.txt;0.3;1.5;60;435451;6;2336;2350.91;;;;;;;;;;;;;;;;;;;;;;
t_j20_m20.txt;0.3;1.5;60;56162;6;2317;2342.33;;;;;;;;;;;;;;;;;;;;;;
t_j20_m20.txt;0.3;1.5;60;68813;6;2344;2360.45;;;;;;;;;;;;;;;;;;;;;;
t_j20_m20.txt;0.3;1.5;60;368387;6;2354;2374.25;;;;;;;;;;;;;;;;;;;;;;
t_j20_m20.txt;0.3;1.5;60;687619;6;2356;2364.47;;;;;;;;;;;;;;;;;;;;;;
t_j20_m20.txt;0.3;1.5;60;354135;6;2354;2368.16;;;;;;;;;;;;;;;;;;;;;;
t_j20_m20.txt;0.3;1.5;60;839113;6;2346;2365.47;;;;;;;;;;;;;;;;;;;;;;
t_j20_m20.txt;0.3;1.5;60;123452;6;2333;2360.98;;;;;;;;;;;;;;;;;;;;;;
t_j20_m20.txt;0.4;1.5;60;12345;6;2361;2378.01;;;;;;;;;;;;;;;;;;;;;;
t_j20_m20.txt;0.4;1.5;60;435451;6;2336;2350.91;;;;;;;;;;;;;;;;;;;;;;
t_j20_m20.txt;0.4;1.5;60;56162;6;2317;2342.33;;;;;;;;;;;;;;;;;;;;;;
t_j20_m20.txt;0.4;1.5;60;68813;6;2344;2360.45;;;;;;;;;;;;;;;;;;;;;;
t_j20_m20.txt;0.4;1.5;60;368387;6;2354;2374.25;;;;;;;;;;;;;;;;;;;;;;
t_j20_m20.txt;0.4;1.5;60;687619;6;2356;2364.47;;;;;;;;;;;;;;;;;;;;;;
t_j20_m20.txt;0.4;1.5;60;354135;6;2354;2368.16;;;;;;;;;;;;;;;;;;;;;;
t_j20_m20.txt;0.4;1.5;60;839113;6;2346;2365.47;;;;;;;;;;;;;;;;;;;;;;
t_j20_m20.txt;0.4;1.5;60;123452;6;2333;2360.98;;;;;;;;;;;;;;;;;;;;;;
t_j20_m20.txt;0.5;1.5;60;12345;6;2361;2378.01;;;;;;;;;;;;;;;;;;;;;;
t_j20_m20.txt;0.5;1.5;60;435451;6;2336;2350.91;;;;;;;;;;;;;;;;;;;;;;
t_j20_m20.txt;0.5;1.5;60;56162;6;2317;2342.33;;;;;;;;;;;;;;;;;;;;;;
t_j20_m20.txt;0.5;1.5;60;68813;6;2344;2360.45;;;;;;;;;;;;;;;;;;;;;;
t_j20_m20.txt;0.5;1.5;60;368387;6;2354;2374.25;;;;;;;;;;;;;;;;;;;;;;
t_j20_m20.txt;0.5;1.5;60;687619;6;2356;2364.47;;;;;;;;;;;;;;;;;;;;;;
t_j20_m20.txt;0.5;1.5;60;354135;6;2354;2368.16;;;;;;;;;;;;;;;;;;;;;;
t_j20_m20.txt;0.5;1.5;60;839113;6;2346;2365.47;;;;;;;;;;;;;;;;;;;;;;
t_j20_m20.txt;0.5;1.5;60;123452;6;2333;2360.98;;;;;;;;;;;;;;;;;;;;;;
t_j20_m20.txt;0.6;1.5;60;12345;6;2361;2378.01;;;;;;;;;;;;;;;;;;;;;;
t_j20_m20.txt;0.6;1.5;60;435451;6;2336;2350.91;;;;;;;;;;;;;;;;;;;;;;
t_j20_m20.txt;0.6;1.5;60;56162;6;2317;2342.33;;;;;;;;;;;;;;;;;;;;;;
t_j20_m20.txt;0.6;1.5;60;68813;6;2344;2360.45;;;;;;;;;;;;;;;;;;;;;;
t_j20_m20.txt;0.6;1.5;60;368387;6;2354;2374.25;;;;;;;;;;;;;;;;;;;;;;
t_j20_m20.txt;0.6;1.5;60;687619;6;2356;2364.47;;;;;;;;;;;;;;;;;;;;;;
t_j20_m20.txt;0.6;1.5;60;354135;6;2354;2368.16;;;;;;;;;;;;;;;;;;;;;;
t_j20_m20.txt;0.6;1.5;60;839113;6;2346;2365.47;;;;;;;;;;;;;;;;;;;;;;
t_j20_m20.txt;0.6;1.5;60;123452;6;2333;2360.98;;;;;;;;;;;;;;;;;;;;;;
t_j20_m20.txt;0.7;1.5;60;12345;6;2361;2378.01;;;;;;;;;;;;;;;;;;;;;;
t_j20_m20.txt;0.7;1.5;60;435451;6;2336;2350.91;;;;;;;;;;;;;;;;;;;;;;
t_j20_m20.txt;0.7;1.5;60;56162;6;2317;2342.33;;;;;;;;;;;;;;;;;;;;;;
t_j20_m20.txt;0.7;1.5;60;68813;6;2344;2360.45;;;;;;;;;;;;;;;;;;;;;;
t_j20_m20.txt;0.7;1.5;60;368387;6;2354;2374.25;;;;;;;;;;;;;;;;;;;;;;
t_j20_m20.txt;0.7;1.5;60;687619;6;2356;2364.47;;;;;;;;;;;;;;;;;;;;;;
t_j20_m20.txt;0.7;1.5;60;354135;6;2354;2368.16;;;;;;;;;;;;;;;;;;;;;;
t_j20_m20.txt;0.7;1.5;60;839113;6;2346;2365.47;;;;;;;;;;;;;;;;;;;;;;
t_j20_m20.txt;0.7;1.5;60;123452;6;2333;2360.98;;;;;;;;;;;;;;;;;;;;;;
t_j20_m20.txt;0.8;1.5;60;12345;6;2361;2378.01;;;;;;;;;;;;;;;;;;;;;;
t_j20_m20.txt;0.8;1.5;60;435451;6;2336;2350.91;;;;;;;;;;;;;;;;;;;;;;
t_j20_m20.txt;0.8;1.5;60;56162;6;2317;2342.33;;;;;;;;;;;;;;;;;;;;;;
t_j20_m20.txt;0.8;1.5;60;68813;6;2344;2360.45;;;;;;;;;;;;;;;;;;;;;;
t_j20_m20.txt;0.8;1.5;60;368387;6;2354;2374.25;;;;;;;;;;;;;;;;;;;;;;
t_j20_m20.txt;0.8;1.5;60;687619;6;2356;2364.47;;;;;;;;;;;;;;;;;;;;;;
t_j20_m20.txt;0.8;1.5;60;354135;6;2354;2368.16;;;;;;;;;;;;;;;;;;;;;;
t_j20_m20.txt;0.8;1.5;60;839113;6;2346;2365.47;;;;;;;;;;;;;;;;;;;;;;
t_j20_m20.txt;0.8;1.5;60;123452;6;2333;2360.98;;;;;;;;;;;;;;;;;;;;;;
t_j20_m20.txt;0.9;1.5;60;12345;6;2361;2378.01;;;;;;;;;;;;;;;;;;;;;;
t_j20_m20.txt;0.9;1.5;60;435451;6;2336;2350.91;;;;;;;;;;;;;;;;;;;;;;
t_j20_m20.txt;0.9;1.5;60;56162;6;2317;2342.33;;;;;;;;;;;;;;;;;;;;;;
t_j20_m20.txt;0.9;1.5;60;68813;6;2344;2360.45;;;;;;;;;;;;;;;;;;;;;;
t_j20_m20.txt;0.9;1.5;60;368387;6;2354;2374.25;;;;;;;;;;;;;;;;;;;;;;
t_j20_m20.txt;0.9;1.5;60;687619;6;2356;2364.47;;;;;;;;;;;;;;;;;;;;;;
t_j20_m20.txt;0.9;1.5;60;354135;6;2354;2368.16;;;;;;;;;;;;;;;;;;;;;;
t_j20_m20.txt;0.9;1.5;60;839113;6;2346;2365.47;;;;;;;;;;;;;;;;;;;;;;
t_j20_m20.txt;0.9;1.5;60;123452;6;2333;2360.98;;;;;;;;;;;;;;;;;;;;;;
t_j50_m5.txt;0.1;1.5;60;12345;6;2724;2752.665;;;;;;;;;;;;;;;;;;;;;;
t_j50_m5.txt;0.1;1.5;60;435451;6;2729;2761.815;;;;;;;;;;;;;;;;;;;;;;
t_j50_m5.txt;0.1;1.5;60;56162;6;2729;2761.175;;;;;;;;;;;;;;;;;;;;;;
t_j50_m5.txt;0.1;1.5;60;68813;6;2729;2756.265;;;;;;;;;;;;;;;;;;;;;;
t_j50_m5.txt;0.1;1.5;60;368387;6;2729;2752.25;;;;;;;;;;;;;;;;;;;;;;
t_j50_m5.txt;0.1;1.5;60;687619;6;2742;2760.315;;;;;;;;;;;;;;;;;;;;;;
t_j50_m5.txt;0.1;1.5;60;354135;6;2729;2762.64;;;;;;;;;;;;;;;;;;;;;;
t_j50_m5.txt;0.1;1.5;60;839113;6;2735;2762.075;;;;;;;;;;;;;;;;;;;;;;
t_j50_m5.txt;0.1;1.5;60;123452;6;2732;2757.74;;;;;;;;;;;;;;;;;;;;;;
t_j50_m5.txt;0.2;1.5;60;12345;6;2724;2752.665;;;;;;;;;;;;;;;;;;;;;;
t_j50_m5.txt;0.2;1.5;60;435451;6;2729;2761.815;;;;;;;;;;;;;;;;;;;;;;
t_j50_m5.txt;0.2;1.5;60;56162;6;2729;2761.175;;;;;;;;;;;;;;;;;;;;;;
t_j50_m5.txt;0.2;1.5;60;68813;6;2729;2756.265;;;;;;;;;;;;;;;;;;;;;;
t_j50_m5.txt;0.2;1.5;60;368387;6;2729;2752.25;;;;;;;;;;;;;;;;;;;;;;
t_j50_m5.txt;0.2;1.5;60;687619;6;2742;2760.315;;;;;;;;;;;;;;;;;;;;;;
t_j50_m5.txt;0.2;1.5;60;354135;6;2729;2762.64;;;;;;;;;;;;;;;;;;;;;;
t_j50_m5.txt;0.2;1.5;60;839113;6;2735;2762.075;;;;;;;;;;;;;;;;;;;;;;
t_j50_m5.txt;0.2;1.5;60;123452;6;2732;2757.74;;;;;;;;;;;;;;;;;;;;;;
t_j50_m5.txt;0.3;1.5;60;12345;6;2724;2752.665;;;;;;;;;;;;;;;;;;;;;;
t_j50_m5.txt;0.3;1.5;60;435451;6;2729;2761.815;;;;;;;;;;;;;;;;;;;;;;
t_j50_m5.txt;0.3;1.5;60;56162;6;2729;2761.175;;;;;;;;;;;;;;;;;;;;;;
t_j50_m5.txt;0.3;1.5;60;68813;6;2729;2756.265;;;;;;;;;;;;;;;;;;;;;;
t_j50_m5.txt;0.3;1.5;60;368387;6;2729;2752.25;;;;;;;;;;;;;;;;;;;;;;
t_j50_m5.txt;0.3;1.5;60;687619;6;2742;2760.315;;;;;;;;;;;;;;;;;;;;;;
t_j50_m5.txt;0.3;1.5;60;354135;6;2729;2762.64;;;;;;;;;;;;;;;;;;;;;;
t_j50_m5.txt;0.3;1.5;60;839113;6;2735;2762.075;;;;;;;;;;;;;;;;;;;;;;
t_j50_m5.txt;0.3;1.5;60;123452;6;2732;2757.74;;;;;;;;;;;;;;;;;;;;;;
t_j50_m5.txt;0.4;1.5;60;12345;6;2724;2752.665;;;;;;;;;;;;;;;;;;;;;;
t_j50_m5.txt;0.4;1.5;60;435451;6;2729;2761.815;;;;;;;;;;;;;;;;;;;;;;
t_j50_m5.txt;0.4;1.5;60;56162;6;2729;2761.175;;;;;;;;;;;;;;;;;;;;;;
t_j50_m5.txt;0.4;1.5;60;68813;6;2729;2756.265;;;;;;;;;;;;;;;;;;;;;;
t_j50_m5.txt;0.4;1.5;60;368387;6;2729;2752.25;;;;;;;;;;;;;;;;;;;;;;
t_j50_m5.txt;0.4;1.5;60;687619;6;2742;2760.315;;;;;;;;;;;;;;;;;;;;;;
t_j50_m5.txt;0.4;1.5;60;354135;6;2729;2762.64;;;;;;;;;;;;;;;;;;;;;;
t_j50_m5.txt;0.4;1.5;60;839113;6;2735;2762.075;;;;;;;;;;;;;;;;;;;;;;
t_j50_m5.txt;0.4;1.5;60;123452;6;2732;2757.74;;;;;;;;;;;;;;;;;;;;;;
t_j50_m5.txt;0.5;1.5;60;12345;6;2724;2752.665;;;;;;;;;;;;;;;;;;;;;;
t_j50_m5.txt;0.5;1.5;60;435451;6;2729;2761.815;;;;;;;;;;;;;;;;;;;;;;
t_j50_m5.txt;0.5;1.5;60;56162;6;2729;2761.175;;;;;;;;;;;;;;;;;;;;;;
t_j50_m5.txt;0.5;1.5;60;68813;6;2729;2756.265;;;;;;;;;;;;;;;;;;;;;;
t_j50_m5.txt;0.5;1.5;60;368387;6;2729;2752.25;;;;;;;;;;;;;;;;;;;;;;
t_j50_m5.txt;0.5;1.5;60;687619;6;2742;2760.315;;;;;;;;;;;;;;;;;;;;;;
t_j50_m5.txt;0.5;1.5;60;354135;6;2729;2762.64;;;;;;;;;;;;;;;;;;;;;;
t_j50_m5.txt;0.5;1.5;60;839113;6;2735;2762.075;;;;;;;;;;;;;;;;;;;;;;
t_j50_m5.txt;0.5;1.5;60;123452;6;2732;2757.74;;;;;;;;;;;;;;;;;;;;;;
t_j50_m5.txt;0.6;1.5;60;12345;6;2724;2752.665;;;;;;;;;;;;;;;;;;;;;;
t_j50_m5.txt;0.6;1.5;60;435451;6;2729;2761.815;;;;;;;;;;;;;;;;;;;;;;
t_j50_m5.txt;0.6;1.5;60;56162;6;2729;2761.175;;;;;;;;;;;;;;;;;;;;;;
t_j50_m5.txt;0.6;1.5;60;68813;6;2729;2756.265;;;;;;;;;;;;;;;;;;;;;;
t_j50_m5.txt;0.6;1.5;60;368387;6;2729;2752.25;;;;;;;;;;;;;;;;;;;;;;
t_j50_m5.txt;0.6;1.5;60;687619;6;2742;2760.315;;;;;;;;;;;;;;;;;;;;;;
t_j50_m5.txt;0.6;1.5;60;354135;6;2729;2762.64;;;;;;;;;;;;;;;;;;;;;;
t_j50_m5.txt;0.6;1.5;60;839113;6;2735;2762.075;;;;;;;;;;;;;;;;;;;;;;
t_j50_m5.txt;0.6;1.5;60;123452;6;2732;2757.74;;;;;;;;;;;;;;;;;;;;;;
t_j50_m5.txt;0.7;1.5;60;12345;6;2724;2752.665;;;;;;;;;;;;;;;;;;;;;;
t_j50_m5.txt;0.7;1.5;60;435451;6;2729;2761.815;;;;;;;;;;;;;;;;;;;;;;
t_j50_m5.txt;0.7;1.5;60;56162;6;2729;2761.175;;;;;;;;;;;;;;;;;;;;;;
t_j50_m5.txt;0.7;1.5;60;68813;6;2729;2756.265;;;;;;;;;;;;;;;;;;;;;;
t_j50_m5.txt;0.7;1.5;60;368387;6;2729;2752.25;;;;;;;;;;;;;;;;;;;;;;
t_j50_m5.txt;0.7;1.5;60;687619;6;2742;2760.315;;;;;;;;;;;;;;;;;;;;;;
t_j50_m5.txt;0.7;1.5;60;354135;6;2729;2762.64;;;;;;;;;;;;;;;;;;;;;;
t_j50_m5.txt;0.7;1.5;60;839113;6;2735;2762.075;;;;;;;;;;;;;;;;;;;;;;
t_j50_m5.txt;0.7;1.5;60;123452;6;2732;2757.74;;;;;;;;;;;;;;;;;;;;;;
t_j50_m5.txt;0.8;1.5;60;12345;6;2724;2752.665;;;;;;;;;;;;;;;;;;;;;;
t_j50_m5.txt;0.8;1.5;60;435451;6;2729;2761.815;;;;;;;;;;;;;;;;;;;;;;
t_j50_m5.txt;0.8;1.5;60;56162;6;2729;2761.175;;;;;;;;;;;;;;;;;;;;;;
t_j50_m5.txt;0.8;1.5;60;68813;6;2729;2756.265;;;;;;;;;;;;;;;;;;;;;;
t_j50_m5.txt;0.8;1.5;60;368387;6;2729;2752.25;;;;;;;;;;;;;;;;;;;;;;
t_j50_m5.txt;0.8;1.5;60;687619;6;2742;2760.315;;;;;;;;;;;;;;;;;;;;;;
t_j50_m5.txt;0.8;1.5;60;354135;6;2729;2762.64;;;;;;;;;;;;;;;;;;;;;;
t_j50_m5.txt;0.8;1.5;60;839113;6;2735;2762.075;;;;;;;;;;;;;;;;;;;;;;
t_j50_m5.txt;0.8;1.5;60;123452;6;2732;2757.74;;;;;;;;;;;;;;;;;;;;;;
t_j50_m5.txt;0.9;1.5;60;12345;6;2724;2752.665;;;;;;;;;;;;;;;;;;;;;;
t_j50_m5.txt;0.9;1.5;60;435451;6;2729;2761.815;;;;;;;;;;;;;;;;;;;;;;
t_j50_m5.txt;0.9;1.5;60;56162;6;2729;2761.175;;;;;;;;;;;;;;;;;;;;;;
t_j50_m5.txt;0.9;1.5;60;68813;6;2729;2756.265;;;;;;;;;;;;;;;;;;;;;;
t_j50_m5.txt;0.9;1.5;60;368387;6;2729;2752.25;;;;;;;;;;;;;;;;;;;;;;
t_j50_m5.txt;0.9;1.5;60;687619;6;2742;2760.315;;;;;;;;;;;;;;;;;;;;;;
t_j50_m5.txt;0.9;1.5;60;354135;6;2729;2762.64;;;;;;;;;;;;;;;;;;;;;;
t_j50_m5.txt;0.9;1.5;60;839113;6;2735;2762.075;;;;;;;;;;;;;;;;;;;;;;
t_j50_m5.txt;0.9;1.5;60;123452;6;2732;2757.74;;;;;;;;;;;;;;;;;;;;;;
t_j50_m10.txt;0.1;1.5;60;12345;6;3105;3159.56;;;;;;;;;;;;;;;;;;;;;;
t_j50_m10.txt;0.1;1.5;60;435451;6;3092;3149.885;;;;;;;;;;;;;;;;;;;;;;
t_j50_m10.txt;0.1;1.5;60;56162;6;3126;3165.48;;;;;;;;;;;;;;;;;;;;;;
t_j50_m10.txt;0.1;1.5;60;68813;6;3110;3150.68;;;;;;;;;;;;;;;;;;;;;;
t_j50_m10.txt;0.1;1.5;60;368387;6;3098;3132.125;;;;;;;;;;;;;;;;;;;;;;
t_j50_m10.txt;0.1;1.5;60;687619;6;3115;3145.045;;;;;;;;;;;;;;;;;;;;;;
t_j50_m10.txt;0.1;1.5;60;354135;6;3120;3154.655;;;;;;;;;;;;;;;;;;;;;;
t_j50_m10.txt;0.1;1.5;60;839113;6;3109;3147.79;;;;;;;;;;;;;;;;;;;;;;
t_j50_m10.txt;0.1;1.5;60;123452;6;3110;3144.225;;;;;;;;;;;;;;;;;;;;;;
t_j50_m10.txt;0.2;1.5;60;12345;6;3105;3159.56;;;;;;;;;;;;;;;;;;;;;;
t_j50_m10.txt;0.2;1.5;60;435451;6;3092;3149.885;;;;;;;;;;;;;;;;;;;;;;
t_j50_m10.txt;0.2;1.5;60;56162;6;3126;3165.48;;;;;;;;;;;;;;;;;;;;;;
t_j50_m10.txt;0.2;1.5;60;68813;6;3110;3150.68;;;;;;;;;;;;;;;;;;;;;;
t_j50_m10.txt;0.2;1.5;60;368387;6;3098;3132.125;;;;;;;;;;;;;;;;;;;;;;
t_j50_m10.txt;0.2;1.5;60;687619;6;3115;3145.045;;;;;;;;;;;;;;;;;;;;;;
t_j50_m10.txt;0.2;1.5;60;354135;6;3120;3154.655;;;;;;;;;;;;;;;;;;;;;;
t_j50_m10.txt;0.2;1.5;60;839113;6;3109;3147.79;;;;;;;;;;;;;;;;;;;;;;
t_j50_m10.txt;0.2;1.5;60;123452;6;3110;3144.225;;;;;;;;;;;;;;;;;;;;;;
t_j50_m10.txt;0.3;1.5;60;12345;6;3105;3159.56;;;;;;;;;;;;;;;;;;;;;;
t_j50_m10.txt;0.3;1.5;60;435451;6;3092;3149.885;;;;;;;;;;;;;;;;;;;;;;
t_j50_m10.txt;0.3;1.5;60;56162;6;3126;3165.48;;;;;;;;;;;;;;;;;;;;;;
t_j50_m10.txt;0.3;1.5;60;68813;6;3110;3150.68;;;;;;;;;;;;;;;;;;;;;;
t_j50_m10.txt;0.3;1.5;60;368387;6;3098;3132.125;;;;;;;;;;;;;;;;;;;;;;
t_j50_m10.txt;0.3;1.5;60;687619;6;3115;3145.045;;;;;;;;;;;;;;;;;;;;;;
t_j50_m10.txt;0.3;1.5;60;354135;6;3120;3154.655;;;;;;;;;;;;;;;;;;;;;;
t_j50_m10.txt;0.3;1.5;60;839113;6;3109;3147.79;;;;;;;;;;;;;;;;;;;;;;
t_j50_m10.txt;0.3;1.5;60;123452;6;3110;3144.225;;;;;;;;;;;;;;;;;;;;;;
t_j50_m10.txt;0.4;1.5;60;12345;6;3105;3159.56;;;;;;;;;;;;;;;;;;;;;;
t_j50_m10.txt;0.4;1.5;60;435451;6;3092;3149.885;;;;;;;;;;;;;;;;;;;;;;
t_j50_m10.txt;0.4;1.5;60;56162;6;3126;3165.48;;;;;;;;;;;;;;;;;;;;;;
t_j50_m10.txt;0.4;1.5;60;68813;6;3110;3150.68;;;;;;;;;;;;;;;;;;;;;;
t_j50_m10.txt;0.4;1.5;60;368387;6;3098;3132.125;;;;;;;;;;;;;;;;;;;;;;
t_j50_m10.txt;0.4;1.5;60;687619;6;3115;3145.045;;;;;;;;;;;;;;;;;;;;;;
t_j50_m10.txt;0.4;1.5;60;354135;6;3120;3154.655;;;;;;;;;;;;;;;;;;;;;;
t_j50_m10.txt;0.4;1.5;60;839113;6;3109;3147.79;;;;;;;;;;;;;;;;;;;;;;
t_j50_m10.txt;0.4;1.5;60;123452;6;3110;3144.225;;;;;;;;;;;;;;;;;;;;;;
t_j50_m10.txt;0.5;1.5;60;12345;6;3105;3159.56;;;;;;;;;;;;;;;;;;;;;;
t_j50_m10.txt;0.5;1.5;60;435451;6;3092;3149.885;;;;;;;;;;;;;;;;;;;;;;
t_j50_m10.txt;0.5;1.5;60;56162;6;3126;3165.48;;;;;;;;;;;;;;;;;;;;;;
t_j50_m10.txt;0.5;1.5;60;68813;6;3110;3150.68;;;;;;;;;;;;;;;;;;;;;;
t_j50_m10.txt;0.5;1.5;60;368387;6;3098;3132.125;;;;;;;;;;;;;;;;;;;;;;
t_j50_m10.txt;0.5;1.5;60;687619;6;3115;3145.045;;;;;;;;;;;;;;;;;;;;;;
t_j50_m10.txt;0.5;1.5;60;354135;6;3120;3154.655;;;;;;;;;;;;;;;;;;;;;;
t_j50_m10.txt;0.5;1.5;60;839113;6;3109;3147.79;;;;;;;;;;;;;;;;;;;;;;
t_j50_m10.txt;0.5;1.5;60;123452;6;3110;3144.225;;;;;;;;;;;;;;;;;;;;;;
t_j50_m10.txt;0.6;1.5;60;12345;6;3105;3159.56;;;;;;;;;;;;;;;;;;;;;;
t_j50_m10.txt;0.6;1.5;60;435451;6;3092;3149.885;;;;;;;;;;;;;;;;;;;;;;
t_j50_m10.txt;0.6;1.5;60;56162;6;3126;3165.48;;;;;;;;;;;;;;;;;;;;;;
t_j50_m10.txt;0.6;1.5;60;68813;6;3110;3150.68;;;;;;;;;;;;;;;;;;;;;;
t_j50_m10.txt;0.6;1.5;60;368387;6;3098;3132.125;;;;;;;;;;;;;;;;;;;;;;
t_j50_m10.txt;0.6;1.5;60;687619;6;3115;3145.045;;;;;;;;;;;;;;;;;;;;;;
t_j50_m10.txt;0.6;1.5;60;354135;6;3120;3154.655;;;;;;;;;;;;;;;;;;;;;;
t_j50_m10.txt;0.6;1.5;60;839113;6;3109;3147.79;;;;;;;;;;;;;;;;;;;;;;
t_j50_m10.txt;0.6;1.5;60;123452;6;3110;3144.225;;;;;;;;;;;;;;;;;;;;;;
t_j50_m10.txt;0.7;1.5;60;12345;6;3105;3159.56;;;;;;;;;;;;;;;;;;;;;;
t_j50_m10.txt;0.7;1.5;60;435451;6;3092;3149.885;;;;;;;;;;;;;;;;;;;;;;
t_j50_m10.txt;0.7;1.5;60;56162;6;3126;3165.48;;;;;;;;;;;;;;;;;;;;;;
t_j50_m10.txt;0.7;1.5;60;68813;6;3110;3150.68;;;;;;;;;;;;;;;;;;;;;;
t_j50_m10.txt;0.7;1.5;60;368387;6;3098;3132.125;;;;;;;;;;;;;;;;;;;;;;
t_j50_m10.txt;0.7;1.5;60;687619;6;3115;3145.045;;;;;;;;;;;;;;;;;;;;;;
t_j50_m10.txt;0.7;1.5;60;354135;6;3120;3154.655;;;;;;;;;;;;;;;;;;;;;;
t_j50_m10.txt;0.7;1.5;60;839113;6;3109;3147.79;;;;;;;;;;;;;;;;;;;;;;
t_j50_m10.txt;0.7;1.5;60;123452;6;3110;3144.225;;;;;;;;;;;;;;;;;;;;;;
t_j50_m10.txt;0.8;1.5;60;12345;6;3105;3159.56;;;;;;;;;;;;;;;;;;;;;;
t_j50_m10.txt;0.8;1.5;60;435451;6;3092;3149.885;;;;;;;;;;;;;;;;;;;;;;
t_j50_m10.txt;0.8;1.5;60;56162;6;3126;3165.48;;;;;;;;;;;;;;;;;;;;;;
t_j50_m10.txt;0.8;1.5;60;68813;6;3110;3150.68;;;;;;;;;;;;;;;;;;;;;;
t_j50_m10.txt;0.8;1.5;60;368387;6;3098;3132.125;;;;;;;;;;;;;;;;;;;;;;
t_j50_m10.txt;0.8;1.5;60;687619;6;3115;3145.045;;;;;;;;;;;;;;;;;;;;;;
t_j50_m10.txt;0.8;1.5;60;354135;6;3120;3154.655;;;;;;;;;;;;;;;;;;;;;;
t_j50_m10.txt;0.8;1.5;60;839113;6;3109;3147.79;;;;;;;;;;;;;;;;;;;;;;
t_j50_m10.txt;0.8;1.5;60;123452;6;3110;3144.225;;;;;;;;;;;;;;;;;;;;;;
t_j50_m10.txt;0.9;1.5;60;12345;6;3105;3159.56;;;;;;;;;;;;;;;;;;;;;;
t_j50_m10.txt;0.9;1.5;60;435451;6;3092;3149.885;;;;;;;;;;;;;;;;;;;;;;
t_j50_m10.txt;0.9;1.5;60;56162;6;3126;3165.48;;;;;;;;;;;;;;;;;;;;;;
t_j50_m10.txt;0.9;1.5;60;68813;6;3110;3150.68;;;;;;;;;;;;;;;;;;;;;;
t_j50_m10.txt;0.9;1.5;60;368387;6;3098;3132.125;;;;;;;;;;;;;;;;;;;;;;
t_j50_m10.txt;0.9;1.5;60;687619;6;3115;3145.045;;;;;;;;;;;;;;;;;;;;;;
t_j50_m10.txt;0.9;1.5;60;354135;6;3120;3154.655;;;;;;;;;;;;;;;;;;;;;;
t_j50_m10.txt;0.9;1.5;60;839113;6;3109;3147.79;;;;;;;;;;;;;;;;;;;;;;
t_j50_m10.txt;0.9;1.5;60;123452;6;3110;3144.225;;;;;;;;;;;;;;;;;;;;;;
t_j50_m20.txt;0.1;1.5;60;12345;6;4047;4094.595;;;;;;;;;;;;;;;;;;;;;;
t_j50_m20.txt;0.1;1.5;60;435451;6;4049;4093.745;;;;;;;;;;;;;;;;;;;;;;
t_j50_m20.txt;0.1;1.5;60;56162;6;4076;4116.46;;;;;;;;;;;;;;;;;;;;;;
t_j50_m20.txt;0.1;1.5;60;68813;6;4042;4104.12;;;;;;;;;;;;;;;;;;;;;;
t_j50_m20.txt;0.1;1.5;60;368387;6;4047;4096.1;;;;;;;;;;;;;;;;;;;;;;
t_j50_m20.txt;0.1;1.5;60;687619;6;4074;4107.93;;;;;;;;;;;;;;;;;;;;;;
t_j50_m20.txt;0.1;1.5;60;354135;6;4046;4115.145;;;;;;;;;;;;;;;;;;;;;;
t_j50_m20.txt;0.1;1.5;60;839113;6;4047;4094.77;;;;;;;;;;;;;;;;;;;;;;
t_j50_m20.txt;0.1;1.5;60;123452;6;4068;4105.185;;;;;;;;;;;;;;;;;;;;;;
t_j50_m20.txt;0.2;1.5;60;12345;6;4047;4094.595;;;;;;;;;;;;;;;;;;;;;;
t_j50_m20.txt;0.2;1.5;60;435451;6;4049;4093.745;;;;;;;;;;;;;;;;;;;;;;
t_j50_m20.txt;0.2;1.5;60;56162;6;4076;4116.46;;;;;;;;;;;;;;;;;;;;;;
t_j50_m20.txt;0.2;1.5;60;68813;6;4042;4104.12;;;;;;;;;;;;;;;;;;;;;;
t_j50_m20.txt;0.2;1.5;60;368387;6;4047;4096.1;;;;;;;;;;;;;;;;;;;;;;
t_j50_m20.txt;0.2;1.5;60;687619;6;4074;4107.93;;;;;;;;;;;;;;;;;;;;;;
t_j50_m20.txt;0.2;1.5;60;354135;6;4046;4115.145;;;;;;;;;;;;;;;;;;;;;;
t_j50_m20.txt;0.2;1.5;60;839113;6;4047;4094.77;;;;;;;;;;;;;;;;;;;;;;
t_j50_m20.txt;0.2;1.5;60;123452;6;4068;4105.185;;;;;;;;;;;;;;;;;;;;;;
t_j50_m20.txt;0.3;1.5;60;12345;6;4047;4094.595;;;;;;;;;;;;;;;;;;;;;;
t_j50_m20.txt;0.3;1.5;60;435451;6;4049;4093.745;;;;;;;;;;;;;;;;;;;;;;
t_j50_m20.txt;0.3;1.5;60;56162;6;4076;4116.46;;;;;;;;;;;;;;;;;;;;;;
t_j50_m20.txt;0.3;1.5;60;68813;6;4042;4104.12;;;;;;;;;;;;;;;;;;;;;;
t_j50_m20.txt;0.3;1.5;60;368387;6;4047;4096.1;;;;;;;;;;;;;;;;;;;;;;
t_j50_m20.txt;0.3;1.5;60;687619;6;4074;4107.93;;;;;;;;;;;;;;;;;;;;;;
t_j50_m20.txt;0.3;1.5;60;354135;6;4046;4115.145;;;;;;;;;;;;;;;;;;;;;;
t_j50_m20.txt;0.3;1.5;60;839113;6;4047;4094.77;;;;;;;;;;;;;;;;;;;;;;
t_j50_m20.txt;0.3;1.5;60;123452;6;4068;4105.185;;;;;;;;;;;;;;;;;;;;;;
t_j50_m20.txt;0.4;1.5;60;12345;6;4047;4094.595;;;;;;;;;;;;;;;;;;;;;;
t_j50_m20.txt;0.4;1.5;60;435451;6;4049;4093.745;;;;;;;;;;;;;;;;;;;;;;
t_j50_m20.txt;0.4;1.5;60;56162;6;4076;4116.46;;;;;;;;;;;;;;;;;;;;;;
t_j50_m20.txt;0.4;1.5;60;68813;6;4042;4104.12;;;;;;;;;;;;;;;;;;;;;;
t_j50_m20.txt;0.4;1.5;60;368387;6;4047;4096.1;;;;;;;;;;;;;;;;;;;;;;
t_j50_m20.txt;0.4;1.5;60;687619;6;4074;4107.93;;;;;;;;;;;;;;;;;;;;;;
t_j50_m20.txt;0.4;1.5;60;354135;6;4046;4115.145;;;;;;;;;;;;;;;;;;;;;;
t_j50_m20.txt;0.4;1.5;60;839113;6;4047;4094.77;;;;;;;;;;;;;;;;;;;;;;
t_j50_m20.txt;0.4;1.5;60;123452;6;4068;4105.185;;;;;;;;;;;;;;;;;;;;;;
t_j50_m20.txt;0.5;1.5;60;12345;6;4047;4094.595;;;;;;;;;;;;;;;;;;;;;;
t_j50_m20.txt;0.5;1.5;60;435451;6;4049;4093.745;;;;;;;;;;;;;;;;;;;;;;
t_j50_m20.txt;0.5;1.5;60;56162;6;4076;4116.46;;;;;;;;;;;;;;;;;;;;;;
t_j50_m20.txt;0.5;1.5;60;68813;6;4042;4104.12;;;;;;;;;;;;;;;;;;;;;;
t_j50_m20.txt;0.5;1.5;60;368387;6;4047;4096.1;;;;;;;;;;;;;;;;;;;;;;
t_j50_m20.txt;0.5;1.5;60;687619;6;4074;4107.93;;;;;;;;;;;;;;;;;;;;;;
t_j50_m20.txt;0.5;1.5;60;354135;6;4046;4115.145;;;;;;;;;;;;;;;;;;;;;;
t_j50_m20.txt;0.5;1.5;60;839113;6;4047;4094.77;;;;;;;;;;;;;;;;;;;;;;
t_j50_m20.txt;0.5;1.5;60;123452;6;4068;4105.185;;;;;;;;;;;;;;;;;;;;;;
t_j50_m20.txt;0.6;1.5;60;12345;6;4047;4094.595;;;;;;;;;;;;;;;;;;;;;;
t_j50_m20.txt;0.6;1.5;60;435451;6;4049;4093.745;;;;;;;;;;;;;;;;;;;;;;
t_j50_m20.txt;0.6;1.5;60;56162;6;4076;4116.46;;;;;;;;;;;;;;;;;;;;;;
t_j50_m20.txt;0.6;1.5;60;68813;6;4042;4104.12;;;;;;;;;;;;;;;;;;;;;;
t_j50_m20.txt;0.6;1.5;60;368387;6;4047;4096.1;;;;;;;;;;;;;;;;;;;;;;
t_j50_m20.txt;0.6;1.5;60;687619;6;4074;4107.93;;;;;;;;;;;;;;;;;;;;;;
t_j50_m20.txt;0.6;1.5;60;354135;6;4046;4115.145;;;;;;;;;;;;;;;;;;;;;;
t_j50_m20.txt;0.6;1.5;60;839113;6;4047;4094.77;;;;;;;;;;;;;;;;;;;;;;
t_j50_m20.txt;0.6;1.5;60;123452;6;4068;4105.185;;;;;;;;;;;;;;;;;;;;;;
t_j50_m20.txt;0.7;1.5;60;12345;6;4047;4094.595;;;;;;;;;;;;;;;;;;;;;;
t_j50_m20.txt;0.7;1.5;60;435451;6;4049;4093.745;;;;;;;;;;;;;;;;;;;;;;
t_j50_m20.txt;0.7;1.5;60;56162;6;4076;4116.46;;;;;;;;;;;;;;;;;;;;;;
t_j50_m20.txt;0.7;1.5;60;68813;6;4042;4104.12;;;;;;;;;;;;;;;;;;;;;;
t_j50_m20.txt;0.7;1.5;60;368387;6;4047;4096.1;;;;;;;;;;;;;;;;;;;;;;
t_j50_m20.txt;0.7;1.5;60;687619;6;4074;4107.93;;;;;;;;;;;;;;;;;;;;;;
t_j50_m20.txt;0.7;1.5;60;354135;6;4046;4115.145;;;;;;;;;;;;;;;;;;;;;;
t_j50_m20.txt;0.7;1.5;60;839113;6;4047;4094.77;;;;;;;;;;;;;;;;;;;;;;
t_j50_m20.txt;0.7;1.5;60;123452;6;4068;4105.185;;;;;;;;;;;;;;;;;;;;;;
t_j50_m20.txt;0.8;1.5;60;12345;6;4047;4094.595;;;;;;;;;;;;;;;;;;;;;;
t_j50_m20.txt;0.8;1.5;60;435451;6;4049;4093.745;;;;;;;;;;;;;;;;;;;;;;
t_j50_m20.txt;0.8;1.5;60;56162;6;4076;4116.46;;;;;;;;;;;;;;;;;;;;;;
t_j50_m20.txt;0.8;1.5;60;68813;6;4042;4104.12;;;;;;;;;;;;;;;;;;;;;;
t_j50_m20.txt;0.8;1.5;60;368387;6;4047;4096.1;;;;;;;;;;;;;;;;;;;;;;
t_j50_m20.txt;0.8;1.5;60;687619;6;4074;4107.93;;;;;;;;;;;;;;;;;;;;;;
t_j50_m20.txt;0.8;1.5;60;354135;6;4046;4115.145;;;;;;;;;;;;;;;;;;;;;;
t_j50_m20.txt;0.8;1.5;60;839113;6;4047;4094.77;;;;;;;;;;;;;;;;;;;;;;
t_j50_m20.txt;0.8;1.5;60;123452;6;4068;4105.185;;;;;;;;;;;;;;;;;;;;;;
t_j50_m20.txt;0.9;1.5;60;12345;6;4047;4094.595;;;;;;;;;;;;;;;;;;;;;;
t_j50_m20.txt;0.9;1.5;60;435451;6;4049;4093.745;;;;;;;;;;;;;;;;;;;;;;
t_j50_m20.txt;0.9;1.5;60;56162;6;4076;4116.46;;;;;;;;;;;;;;;;;;;;;;
t_j50_m20.txt;0.9;1.5;60;68813;6;4042;4104.12;;;;;;;;;;;;;;;;;;;;;;
t_j50_m20.txt;0.9;1.5;60;368387;6;4047;4096.1;;;;;;;;;;;;;;;;;;;;;;
t_j50_m20.txt;0.9;1.5;60;687619;6;4074;4107.93;;;;;;;;;;;;;;;;;;;;;;
t_j50_m20.txt;0.9;1.5;60;354135;6;4046;4115.145;;;;;;;;;;;;;;;;;;;;;;
t_j50_m20.txt;0.9;1.5;60;839113;6;4047;4094.77;;;;;;;;;;;;;;;;;;;;;;
t_j50_m20.txt;0.9;1.5;60;123452;6;4068;4105.185;;;;;;;;;;;;;;;;;;;;;;
t_j100_m5.txt;0.1;1.5;180;12345;6;5505;5579.7;;;;;;;;;;;;;;;;;;;;;;
t_j100_m5.txt;0.1;1.5;180;435451;6;5503;5588.275;;;;;;;;;;;;;;;;;;;;;;
t_j100_m5.txt;0.1;1.5;180;56162;6;5510;5585.925;;;;;;;;;;;;;;;;;;;;;;
t_j100_m5.txt;0.1;1.5;180;68813;6;5505;5585.025;;;;;;;;;;;;;;;;;;;;;;
t_j100_m5.txt;0.1;1.5;180;368387;6;5503;5585.8;;;;;;;;;;;;;;;;;;;;;;
t_j100_m5.txt;0.1;1.5;180;687619;6;5505;5586.825;;;;;;;;;;;;;;;;;;;;;;
t_j100_m5.txt;0.1;1.5;180;354135;6;5503;5587.825;;;;;;;;;;;;;;;;;;;;;;
t_j100_m5.txt;0.1;1.5;180;839113;6;5523;5588.525;;;;;;;;;;;;;;;;;;;;;;
t_j100_m5.txt;0.1;1.5;180;123452;6;5508;5600.12;;;;;;;;;;;;;;;;;;;;;;
t_j100_m5.txt;0.2;1.5;180;12345;6;5505;5579.7;;;;;;;;;;;;;;;;;;;;;;
t_j100_m5.txt;0.2;1.5;180;435451;6;5503;5588.275;;;;;;;;;;;;;;;;;;;;;;
t_j100_m5.txt;0.2;1.5;180;56162;6;5510;5585.925;;;;;;;;;;;;;;;;;;;;;;
t_j100_m5.txt;0.2;1.5;180;68813;6;5505;5585.025;;;;;;;;;;;;;;;;;;;;;;
t_j100_m5.txt;0.2;1.5;180;368387;6;5503;5585.8;;;;;;;;;;;;;;;;;;;;;;
t_j100_m5.txt;0.2;1.5;180;687619;6;5505;5586.825;;;;;;;;;;;;;;;;;;;;;;
t_j100_m5.txt;0.2;1.5;180;354135;6;5503;5587.825;;;;;;;;;;;;;;;;;;;;;;
t_j100_m5.txt;0.2;1.5;180;839113;6;5523;5588.525;;;;;;;;;;;;;;;;;;;;;;
t_j100_m5.txt;0.2;1.5;180;123452;6;5508;5600.12;;;;;;;;;;;;;;;;;;;;;;
t_j100_m5.txt;0.3;1.5;180;12345;6;5505;5579.7;;;;;;;;;;;;;;;;;;;;;;
t_j100_m5.txt;0.3;1.5;180;435451;6;5503;5588.275;;;;;;;;;;;;;;;;;;;;;;
t_j100_m5.txt;0.3;1.5;180;56162;6;5510;5585.925;;;;;;;;;;;;;;;;;;;;;;
t_j100_m5.txt;0.3;1.5;180;68813;6;5505;5585.025;;;;;;;;;;;;;;;;;;;;;;
t_j100_m5.txt;0.3;1.5;180;368387;6;5503;5585.8;;;;;;;;;;;;;;;;;;;;;;
t_j100_m5.txt;0.3;1.5;180;687619;6;5505;5586.825;;;;;;;;;;;;;;;;;;;;;;
t_j100_m5.txt;0.3;1.5;180;354135;6;5503;5587.825;;;;;;;;;;;;;;;;;;;;;;
t_j100_m5.txt;0.3;1.5;180;839113;6;5523;5588.525;;;;;;;;;;;;;;;;;;;;;;
t_j100_m5.txt;0.3;1.5;180;123452;6;5508;5600.12;;;;;;;;;;;;;;;;;;;;;;
t_j100_m5.txt;0.4;1.5;180;12345;6;5505;5579.7;;;;;;;;;;;;;;;;;;;;;;
t_j100_m5.txt;0.4;1.5;180;435451;6;5503;5588.275;;;;;;;;;;;;;;;;;;;;;;
t_j100_m5.txt;0.4;1.5;180;56162;6;5510;5585.925;;;;;;;;;;;;;;;;;;;;;;
t_j100_m5.txt;0.4;1.5;180;68813;6;5505;5585.025;;;;;;;;;;;;;;;;;;;;;;
t_j100_m5.txt;0.4;1.5;180;368387;6;5503;5585.8;;;;;;;;;;;;;;;;;;;;;;
t_j100_m5.txt;0.4;1.5;180;687619;6;5505;5586.825;;;;;;;;;;;;;;;;;;;;;;
t_j100_m5.txt;0.4;1.5;180;354135;6;5503;5587.825;;;;;;;;;;;;;;;;;;;;;;
t_j100_m5.txt;0.4;1.5;180;839113;6;5523;5588.525;;;;;;;;;;;;;;;;;;;;;;
t_j100_m5.txt;0.4;1.5;180;123452;6;5508;5600.12;;;;;;;;;;;;;;;;;;;;;;
t_j100_m5.txt;0.5;1.5;180;12345;6;5505;5579.7;;;;;;;;;;;;;;;;;;;;;;
t_j100_m5.txt;0.5;1.5;180;435451;6;5503;5588.275;;;;;;;;;;;;;;;;;;;;;;
t_j100_m5.txt;0.5;1.5;180;56162;6;5510;5585.925;;;;;;;;;;;;;;;;;;;;;;
t_j100_m5.txt;0.5;1.5;180;68813;6;5505;5585.025;;;;;;;;;;;;;;;;;;;;;;
t_j100_m5.txt;0.5;1.5;180;368387;6;5503;5585.8;;;;;;;;;;;;;;;;;;;;;;
t_j100_m5.txt;0.5;1.5;180;687619;6;5505;5586.825;;;;;;;;;;;;;;;;;;;;;;
t_j100_m5.txt;0.5;1.5;180;354135;6;5503;5587.825;;;;;;;;;;;;;;;;;;;;;;
t_j100_m5.txt;0.5;1.5;180;839113;6;5523;5588.525;;;;;;;;;;;;;;;;;;;;;;
t_j100_m5.txt;0.5;1.5;180;123452;6;5508;5600.12;;;;;;;;;;;;;;;;;;;;;;
t_j100_m5.txt;0.6;1.5;180;12345;6;5505;5579.7;;;;;;;;;;;;;;;;;;;;;;
t_j100_m5.txt;0.6;1.5;180;435451;6;5503;5588.275;;;;;;;;;;;;;;;;;;;;;;
t_j100_m5.txt;0.6;1.5;180;56162;6;5510;5585.925;;;;;;;;;;;;;;;;;;;;;;
t_j100_m5.txt;0.6;1.5;180;68813;6;5505;5585.025;;;;;;;;;;;;;;;;;;;;;;
t_j100_m5.txt;0.6;1.5;180;368387;6;5503;5585.8;;;;;;;;;;;;;;;;;;;;;;
t_j100_m5.txt;0.6;1.5;180;687619;6;5505;5586.825;;;;;;;;;;;;;;;;;;;;;;
t_j100_m5.txt;0.6;1.5;180;354135;6;5503;5587.825;;;;;;;;;;;;;;;;;;;;;;
t_j100_m5.txt;0.6;1.5;180;839113;6;5523;5588.525;;;;;;;;;;;;;;;;;;;;;;
t_j100_m5.txt;0.6;1.5;180;123452;6;5508;5600.12;;;;;;;;;;;;;;;;;;;;;;
t_j100_m5.txt;0.7;1.5;180;12345;6;5505;5579.7;;;;;;;;;;;;;;;;;;;;;;
t_j100_m5.txt;0.7;1.5;180;435451;6;5503;5588.275;;;;;;;;;;;;;;;;;;;;;;
t_j100_m5.txt;0.7;1.5;180;56162;6;5510;5585.925;;;;;;;;;;;;;;;;;;;;;;
t_j100_m5.txt;0.7;1.5;180;68813;6;5505;5585.025;;;;;;;;;;;;;;;;;;;;;;
t_j100_m5.txt;0.7;1.5;180;368387;6;5503;5585.8;;;;;;;;;;;;;;;;;;;;;;
t_j100_m5.txt;0.7;1.5;180;687619;6;5505;5586.825;;;;;;;;;;;;;;;;;;;;;;
t_j100_m5.txt;0.7;1.5;180;354135;6;5503;5587.825;;;;;;;;;;;;;;;;;;;;;;
t_j100_m5.txt;0.7;1.5;180;839113;6;5523;5588.525;;;;;;;;;;;;;;;;;;;;;;
t_j100_m5.txt;0.7;1.5;180;123452;6;5508;5600.12;;;;;;;;;;;;;;;;;;;;;;
t_j100_m5.txt;0.8;1.5;180;12345;6;5505;5579.7;;;;;;;;;;;;;;;;;;;;;;
t_j100_m5.txt;0.8;1.5;180;435451;6;5503;5588.275;;;;;;;;;;;;;;;;;;;;;;
t_j100_m5.txt;0.8;1.5;180;56162;6;5510;5585.925;;;;;;;;;;;;;;;;;;;;;;
t_j100_m5.txt;0.8;1.5;180;68813;6;5505;5585.025;;;;;;;;;;;;;;;;;;;;;;
t_j100_m5.txt;0.8;1.5;180;368387;6;5503;5585.8;;;;;;;;;;;;;;;;;;;;;;
t_j100_m5.txt;0.8;1.5;180;687619;6;5505;5586.825;;;;;;;;;;;;;;;;;;;;;;
t_j100_m5.txt;0.8;1.5;180;354135;6;5503;5587.825;;;;;;;;;;;;;;;;;;;;;;
t_j100_m5.txt;0.8;1.5;180;839113;6;5523;5588.525;;;;;;;;;;;;;;;;;;;;;;
t_j100_m5.txt;0.8;1.5;180;123452;6;5508;5600.12;;;;;;;;;;;;;;;;;;;;;;
t_j100_m5.txt;0.9;1.5;180;12345;6;5505;5579.7;;;;;;;;;;;;;;;;;;;;;;
t_j100_m5.txt;0.9;1.5;180;435451;6;5503;5588.275;;;;;;;;;;;;;;;;;;;;;;
t_j100_m5.txt;0.9;1.5;180;56162;6;5510;5585.925;;;;;;;;;;;;;;;;;;;;;;
t_j100_m5.txt;0.9;1.5;180;68813;6;5505;5585.025;;;;;;;;;;;;;;;;;;;;;;
t_j100_m5.txt;0.9;1.5;180;368387;6;5503;5585.8;;;;;;;;;;;;;;;;;;;;;;
t_j100_m5.txt;0.9;1.5;180;687619;6;5505;5586.825;;;;;;;;;;;;;;;;;;;;;;
t_j100_m5.txt;0.9;1.5;180;354135;6;5503;5587.825;;;;;;;;;;;;;;;;;;;;;;
t_j100_m5.txt;0.9;1.5;180;839113;6;5523;5588.525;;;;;;;;;;;;;;;;;;;;;;
t_j100_m5.txt;0.9;1.5;180;123452;6;5508;5600.12;;;;;;;;;;;;;;;;;;;;;;
t_j100_m10.txt;0.1;1.5;180;12345;6;5829;5918.65;;;;;;;;;;;;;;;;;;;;;;
t_j100_m10.txt;0.1;1.5;180;435451;6;5832;5922.57;;;;;;;;;;;;;;;;;;;;;;
t_j100_m10.txt;0.1;1.5;180;56162;6;5805;5897.67;;;;;;;;;;;;;;;;;;;;;;
t_j100_m10.txt;0.1;1.5;180;68813;6;5846;5931.12;;;;;;;;;;;;;;;;;;;;;;
t_j100_m10.txt;0.1;1.5;180;368387;6;5827;5906.665;;;;;;;;;;;;;;;;;;;;;;
t_j100_m10.txt;0.1;1.5;180;687619;6;5841;5908.725;;;;;;;;;;;;;;;;;;;;;;
t_j100_m10.txt;0.1;1.5;180;354135;6;5859;5933.26;;;;;;;;;;;;;;;;;;;;;;
t_j100_m10.txt;0.1;1.5;180;839113;6;5838;5917.86;;;;;;;;;;;;;;;;;;;;;;
t_j100_m10.txt;0.1;1.5;180;123452;6;5842;5922.19;;;;;;;;;;;;;;;;;;;;;;
t_j100_m10.txt;0.2;1.5;180;12345;6;5829;5918.65;;;;;;;;;;;;;;;;;;;;;;
t_j100_m10.txt;0.2;1.5;180;435451;6;5832;5922.57;;;;;;;;;;;;;;;;;;;;;;
t_j100_m10.txt;0.2;1.5;180;56162;6;5805;5897.67;;;;;;;;;;;;;;;;;;;;;;
t_j100_m10.txt;0.2;1.5;180;68813;6;5846;5931.12;;;;;;;;;;;;;;;;;;;;;;
t_j100_m10.txt;0.2;1.5;180;368387;6;5827;5906.665;;;;;;;;;;;;;;;;;;;;;;
t_j100_m10.txt;0.2;1.5;180;687619;6;5841;5908.725;;;;;;;;;;;;;;;;;;;;;;
t_j100_m10.txt;0.2;1.5;180;354135;6;5859;5933.26;;;;;;;;;;;;;;;;;;;;;;
t_j100_m10.txt;0.2;1.5;180;839113;6;5838;5917.86;;;;;;;;;;;;;;;;;;;;;;
t_j100_m10.txt;0.2;1.5;180;123452;6;5842;5922.19;;;;;;;;;;;;;;;;;;;;;;
t_j100_m10.txt;0.3;1.5;180;12345;6;5829;5918.65;;;;;;;;;;;;;;;;;;;;;;
t_j100_m10.txt;0.3;1.5;180;435451;6;5832;5922.57;;;;;;;;;;;;;;;;;;;;;;
t_j100_m10.txt;0.3;1.5;180;56162;6;5805;5897.67;;;;;;;;;;;;;;;;;;;;;;
t_j100_m10.txt;0.3;1.5;180;68813;6;5846;5931.12;;;;;;;;;;;;;;;;;;;;;;
t_j100_m10.txt;0.3;1.5;180;368387;6;5827;5906.665;;;;;;;;;;;;;;;;;;;;;;
t_j100_m10.txt;0.3;1.5;180;687619;6;5841;5908.725;;;;;;;;;;;;;;;;;;;;;;
t_j100_m10.txt;0.3;1.5;180;354135;6;5859;5933.26;;;;;;;;;;;;;;;;;;;;;;
t_j100_m10.txt;0.3;1.5;180;839113;6;5838;5917.86;;;;;;;;;;;;;;;;;;;;;;
t_j100_m10.txt;0.3;1.5;180;123452;6;5842;5922.19;;;;;;;;;;;;;;;;;;;;;;
t_j100_m10.txt;0.4;1.5;180;12345;6;5829;5918.65;;;;;;;;;;;;;;;;;;;;;;
t_j100_m10.txt;0.4;1.5;180;435451;6;5832;5922.57;;;;;;;;;;;;;;;;;;;;;;
t_j100_m10.txt;0.4;1.5;180;56162;6;5805;5897.67;;;;;;;;;;;;;;;;;;;;;;
t_j100_m10.txt;0.4;1.5;180;68813;6;5846;5931.12;;;;;;;;;;;;;;;;;;;;;;
t_j100_m10.txt;0.4;1.5;180;368387;6;5827;5906.665;;;;;;;;;;;;;;;;;;;;;;
t_j100_m10.txt;0.4;1.5;180;687619;6;5841;5908.725;;;;;;;;;;;;;;;;;;;;;;
t_j100_m10.txt;0.4;1.5;180;354135;6;5859;5933.26;;;;;;;;;;;;;;;;;;;;;;
t_j100_m10.txt;0.4;1.5;180;839113;6;5838;5917.86;;;;;;;;;;;;;;;;;;;;;;
t_j100_m10.txt;0.4;1.5;180;123452;6;5842;5922.19;;;;;;;;;;;;;;;;;;;;;;
t_j100_m10.txt;0.5;1.5;180;12345;6;5829;5918.65;;;;;;;;;;;;;;;;;;;;;;
t_j100_m10.txt;0.5;1.5;180;435451;6;5832;5922.57;;;;;;;;;;;;;;;;;;;;;;
t_j100_m10.txt;0.5;1.5;180;56162;6;5805;5897.67;;;;;;;;;;;;;;;;;;;;;;
t_j100_m10.txt;0.5;1.5;180;68813;6;5846;5931.12;;;;;;;;;;;;;;;;;;;;;;
t_j100_m10.txt;0.5;1.5;180;368387;6;5827;5906.665;;;;;;;;;;;;;;;;;;;;;;
t_j100_m10.txt;0.5;1.5;180;687619;6;5841;5908.725;;;;;;;;;;;;;;;;;;;;;;
t_j100_m10.txt;0.5;1.5;180;354135;6;5859;5933.26;;;;;;;;;;;;;;;;;;;;;;
t_j100_m10.txt;0.5;1.5;180;839113;6;5838;5917.86;;;;;;;;;;;;;;;;;;;;;;
t_j100_m10.txt;0.5;1.5;180;123452;6;5842;5922.19;;;;;;;;;;;;;;;;;;;;;;
t_j100_m10.txt;0.6;1.5;180;12345;6;5829;5918.65;;;;;;;;;;;;;;;;;;;;;;
t_j100_m10.txt;0.6;1.5;180;435451;6;5832;5922.57;;;;;;;;;;;;;;;;;;;;;;
t_j100_m10.txt;0.6;1.5;180;56162;6;5805;5897.67;;;;;;;;;;;;;;;;;;;;;;
t_j100_m10.txt;0.6;1.5;180;68813;6;5846;5931.12;;;;;;;;;;;;;;;;;;;;;;
t_j100_m10.txt;0.6;1.5;180;368387;6;5827;5906.665;;;;;;;;;;;;;;;;;;;;;;
t_j100_m10.txt;0.6;1.5;180;687619;6;5841;5908.725;;;;;;;;;;;;;;;;;;;;;;
t_j100_m10.txt;0.6;1.5;180;354135;6;5859;5933.26;;;;;;;;;;;;;;;;;;;;;;
t_j100_m10.txt;0.6;1.5;180;839113;6;5838;5917.86;;;;;;;;;;;;;;;;;;;;;;
t_j100_m10.txt;0.6;1.5;180;123452;6;5842;5922.19;;;;;;;;;;;;;;;;;;;;;;
t_j100_m10.txt;0.7;1.5;180;12345;6;5829;5918.65;;;;;;;;;;;;;;;;;;;;;;
t_j100_m10.txt;0.7;1.5;180;435451;6;5832;5922.57;;;;;;;;;;;;;;;;;;;;;;
t_j100_m10.txt;0.7;1.5;180;56162;6;5805;5897.67;;;;;;;;;;;;;;;;;;;;;;
t_j100_m10.txt;0.7;1.5;180;68813;6;5846;5931.12;;;;;;;;;;;;;;;;;;;;;;
t_j100_m10.txt;0.7;1.5;180;368387;6;5827;5906.665;;;;;;;;;;;;;;;;;;;;;;
t_j100_m10.txt;0.7;1.5;180;687619;6;5841;5908.725;;;;;;;;;;;;;;;;;;;;;;
t_j100_m10.txt;0.7;1.5;180;354135;6;5859;5933.26;;;;;;;;;;;;;;;;;;;;;;
t_j100_m10.txt;0.7;1.5;180;839113;6;5838;5917.86;;;;;;;;;;;;;;;;;;;;;;
t_j100_m10.txt;0.7;1.5;180;123452;6;5842;5922.19;;;;;;;;;;;;;;;;;;;;;;
t_j100_m10.txt;0.8;1.5;180;12345;6;5829;5918.65;;;;;;;;;;;;;;;;;;;;;;
t_j100_m10.txt;0.8;1.5;180;435451;6;5832;5922.57;;;;;;;;;;;;;;;;;;;;;;
t_j100_m10.txt;0.8;1.5;180;56162;6;5805;5897.67;;;;;;;;;;;;;;;;;;;;;;
t_j100_m10.txt;0.8;1.5;180;68813;6;5846;5931.12;;;;;;;;;;;;;;;;;;;;;;
t_j100_m10.txt;0.8;1.5;180;368387;6;5827;5906.665;;;;;;;;;;;;;;;;;;;;;;
t_j100_m10.txt;0.8;1.5;180;687619;6;5841;5908.725;;;;;;;;;;;;;;;;;;;;;;
t_j100_m10.txt;0.8;1.5;180;354135;6;5859;5933.26;;;;;;;;;;;;;;;;;;;;;;
t_j100_m10.txt;0.8;1.5;180;839113;6;5838;5917.86;;;;;;;;;;;;;;;;;;;;;;
t_j100_m10.txt;0.8;1.5;180;123452;6;5842;5922.19;;;;;;;;;;;;;;;;;;;;;;
t_j100_m10.txt;0.9;1.5;180;12345;6;5829;5918.65;;;;;;;;;;;;;;;;;;;;;;
t_j100_m10.txt;0.9;1.5;180;435451;6;5832;5922.57;;;;;;;;;;;;;;;;;;;;;;
t_j100_m10.txt;0.9;1.5;180;56162;6;5805;5897.67;;;;;;;;;;;;;;;;;;;;;;
t_j100_m10.txt;0.9;1.5;180;68813;6;5846;5931.12;;;;;;;;;;;;;;;;;;;;;;
t_j100_m10.txt;0.9;1.5;180;368387;6;5827;5906.665;;;;;;;;;;;;;;;;;;;;;;
t_j100_m10.txt;0.9;1.5;180;687619;6;5841;5908.725;;;;;;;;;;;;;;;;;;;;;;
t_j100_m10.txt;0.9;1.5;180;354135;6;5859;5933.26;;;;;;;;;;;;;;;;;;;;;;
t_j100_m10.txt;0.9;1.5;180;839113;6;5838;5917.86;;;;;;;;;;;;;;;;;;;;;;
t_j100_m10.txt;0.9;1.5;180;123452;6;5842;5922.19;;;;;;;;;;;;;;;;;;;;;;
t_j100_m20.txt;0.1;1.5;180;12345;6;6558;6634.47;;;;;;;;;;;;;;;;;;;;;;
t_j100_m20.txt;0.1;1.5;180;435451;6;6527;6616.575;;;;;;;;;;;;;;;;;;;;;;
t_j100_m20.txt;0.1;1.5;180;56162;6;6545;6644.01;;;;;;;;;;;;;;;;;;;;;;
t_j100_m20.txt;0.1;1.5;180;68813;6;6577;6653.37;;;;;;;;;;;;;;;;;;;;;;
t_j100_m20.txt;0.1;1.5;180;368387;6;6560;6651.555;;;;;;;;;;;;;;;;;;;;;;
t_j100_m20.txt;0.1;1.5;180;687619;6;6531;6627.19;;;;;;;;;;;;;;;;;;;;;;
t_j100_m20.txt;0.1;1.5;180;354135;6;6542;6621.83;;;;;;;;;;;;;;;;;;;;;;
t_j100_m20.txt;0.1;1.5;180;839113;6;6513;6630.08;;;;;;;;;;;;;;;;;;;;;;
t_j100_m20.txt;0.1;1.5;180;123452;6;6542;6633.15;;;;;;;;;;;;;;;;;;;;;;
t_j100_m20.txt;0.2;1.5;180;12345;6;6558;6634.47;;;;;;;;;;;;;;;;;;;;;;
t_j100_m20.txt;0.2;1.5;180;435451;6;6527;6616.575;;;;;;;;;;;;;;;;;;;;;;
t_j100_m20.txt;0.2;1.5;180;56162;6;6545;6644.01;;;;;;;;;;;;;;;;;;;;;;
t_j100_m20.txt;0.2;1.5;180;68813;6;6577;6653.37;;;;;;;;;;;;;;;;;;;;;;
t_j100_m20.txt;0.2;1.5;180;368387;6;6560;6651.555;;;;;;;;;;;;;;;;;;;;;;
t_j100_m20.txt;0.2;1.5;180;687619;6;6531;6627.19;;;;;;;;;;;;;;;;;;;;;;
t_j100_m20.txt;0.2;1.5;180;354135;6;6542;6621.83;;;;;;;;;;;;;;;;;;;;;;
t_j100_m20.txt;0.2;1.5;180;839113;6;6513;6630.08;;;;;;;;;;;;;;;;;;;;;;
t_j100_m20.txt;0.2;1.5;180;123452;6;6542;6633.15;;;;;;;;;;;;;;;;;;;;;;
t_j100_m20.txt;0.3;1.5;180;12345;6;6558;6634.47;;;;;;;;;;;;;;;;;;;;;;
t_j100_m20.txt;0.3;1.5;180;435451;6;6527;6616.575;;;;;;;;;;;;;;;;;;;;;;
t_j100_m20.txt;0.3;1.5;180;56162;6;6545;6644.01;;;;;;;;;;;;;;;;;;;;;;
t_j100_m20.txt;0.3;1.5;180;68813;6;6577;6653.37;;;;;;;;;;;;;;;;;;;;;;
t_j100_m20.txt;0.3;1.5;180;368387;6;6560;6651.555;;;;;;;;;;;;;;;;;;;;;;
t_j100_m20.txt;0.3;1.5;180;687619;6;6531;6627.19;;;;;;;;;;;;;;;;;;;;;;
t_j100_m20.txt;0.3;1.5;180;354135;6;6542;6621.83;;;;;;;;;;;;;;;;;;;;;;
t_j100_m20.txt;0.3;1.5;180;839113;6;6513;6630.08;;;;;;;;;;;;;;;;;;;;;;
t_j100_m20.txt;0.3;1.5;180;123452;6;6542;6633.15;;;;;;;;;;;;;;;;;;;;;;
t_j100_m20.txt;0.4;1.5;180;12345;6;6558;6634.47;;;;;;;;;;;;;;;;;;;;;;
t_j100_m20.txt;0.4;1.5;180;435451;6;6527;6616.575;;;;;;;;;;;;;;;;;;;;;;
t_j100_m20.txt;0.4;1.5;180;56162;6;6545;6644.01;;;;;;;;;;;;;;;;;;;;;;
t_j100_m20.txt;0.4;1.5;180;68813;6;6577;6653.37;;;;;;;;;;;;;;;;;;;;;;
t_j100_m20.txt;0.4;1.5;180;368387;6;6560;6651.555;;;;;;;;;;;;;;;;;;;;;;
t_j100_m20.txt;0.4;1.5;180;687619;6;6531;6627.19;;;;;;;;;;;;;;;;;;;;;;
t_j100_m20.txt;0.4;1.5;180;354135;6;6542;6621.83;;;;;;;;;;;;;;;;;;;;;;
t_j100_m20.txt;0.4;1.5;180;839113;6;6513;6630.08;;;;;;;;;;;;;;;;;;;;;;
t_j100_m20.txt;0.4;1.5;180;123452;6;6542;6633.15;;;;;;;;;;;;;;;;;;;;;;
t_j100_m20.txt;0.5;1.5;180;12345;6;6558;6634.47;;;;;;;;;;;;;;;;;;;;;;
t_j100_m20.txt;0.5;1.5;180;435451;6;6527;6616.575;;;;;;;;;;;;;;;;;;;;;;
t_j100_m20.txt;0.5;1.5;180;56162;6;6545;6644.01;;;;;;;;;;;;;;;;;;;;;;
t_j100_m20.txt;0.5;1.5;180;68813;6;6577;6653.37;;;;;;;;;;;;;;;;;;;;;;
t_j100_m20.txt;0.5;1.5;180;368387;6;6560;6651.555;;;;;;;;;;;;;;;;;;;;;;
t_j100_m20.txt;0.5;1.5;180;687619;6;6531;6627.19;;;;;;;;;;;;;;;;;;;;;;
t_j100_m20.txt;0.5;1.5;180;354135;6;6542;6621.83;;;;;;;;;;;;;;;;;;;;;;
t_j100_m20.txt;0.5;1.5;180;839113;6;6513;6630.08;;;;;;;;;;;;;;;;;;;;;;
t_j100_m20.txt;0.5;1.5;180;123452;6;6542;6633.15;;;;;;;;;;;;;;;;;;;;;;
t_j100_m20.txt;0.6;1.5;180;12345;6;6558;6634.47;;;;;;;;;;;;;;;;;;;;;;
t_j100_m20.txt;0.6;1.5;180;435451;6;6527;6616.575;;;;;;;;;;;;;;;;;;;;;;
t_j100_m20.txt;0.6;1.5;180;56162;6;6545;6644.01;;;;;;;;;;;;;;;;;;;;;;
t_j100_m20.txt;0.6;1.5;180;68813;6;6577;6653.37;;;;;;;;;;;;;;;;;;;;;;
t_j100_m20.txt;0.6;1.5;180;368387;6;6560;6651.555;;;;;;;;;;;;;;;;;;;;;;
t_j100_m20.txt;0.6;1.5;180;687619;6;6531;6627.19;;;;;;;;;;;;;;;;;;;;;;
t_j100_m20.txt;0.6;1.5;180;354135;6;6542;6621.83;;;;;;;;;;;;;;;;;;;;;;
t_j100_m20.txt;0.6;1.5;180;839113;6;6513;6630.08;;;;;;;;;;;;;;;;;;;;;;
t_j100_m20.txt;0.6;1.5;180;123452;6;6542;6633.15;;;;;;;;;;;;;;;;;;;;;;
t_j100_m20.txt;0.7;1.5;180;12345;6;6558;6634.47;;;;;;;;;;;;;;;;;;;;;;
t_j100_m20.txt;0.7;1.5;180;435451;6;6527;6616.575;;;;;;;;;;;;;;;;;;;;;;
t_j100_m20.txt;0.7;1.5;180;56162;6;6545;6644.01;;;;;;;;;;;;;;;;;;;;;;
t_j100_m20.txt;0.7;1.5;180;68813;6;6577;6653.37;;;;;;;;;;;;;;;;;;;;;;
t_j100_m20.txt;0.7;1.5;180;368387;6;6560;6651.555;;;;;;;;;;;;;;;;;;;;;;
t_j100_m20.txt;0.7;1.5;180;687619;6;6531;6627.19;;;;;;;;;;;;;;;;;;;;;;
t_j100_m20.txt;0.7;1.5;180;354135;6;6542;6621.83;;;;;;;;;;;;;;;;;;;;;;
t_j100_m20.txt;0.7;1.5;180;839113;6;6513;6630.08;;;;;;;;;;;;;;;;;;;;;;
t_j100_m20.txt;0.7;1.5;180;123452;6;6542;6633.15;;;;;;;;;;;;;;;;;;;;;;
t_j100_m20.txt;0.8;1.5;180;12345;6;6558;6634.47;;;;;;;;;;;;;;;;;;;;;;
t_j100_m20.txt;0.8;1.5;180;435451;6;6527;6616.575;;;;;;;;;;;;;;;;;;;;;;
t_j100_m20.txt;0.8;1.5;180;56162;6;6545;6644.01;;;;;;;;;;;;;;;;;;;;;;
t_j100_m20.txt;0.8;1.5;180;68813;6;6577;6653.37;;;;;;;;;;;;;;;;;;;;;;
t_j100_m20.txt;0.8;1.5;180;368387;6;6560;6651.555;;;;;;;;;;;;;;;;;;;;;;
t_j100_m20.txt;0.8;1.5;180;687619;6;6531;6627.19;;;;;;;;;;;;;;;;;;;;;;
t_j100_m20.txt;0.8;1.5;180;354135;6;6542;6621.83;;;;;;;;;;;;;;;;;;;;;;
t_j100_m20.txt;0.8;1.5;180;839113;6;6513;6630.08;;;;;;;;;;;;;;;;;;;;;;
t_j100_m20.txt;0.8;1.5;180;123452;6;6542;6633.15;;;;;;;;;;;;;;;;;;;;;;
t_j100_m20.txt;0.9;1.5;180;12345;6;6558;6634.47;;;;;;;;;;;;;;;;;;;;;;
t_j100_m20.txt;0.9;1.5;180;435451;6;6527;6616.575;;;;;;;;;;;;;;;;;;;;;;
t_j100_m20.txt;0.9;1.5;180;56162;6;6545;6644.01;;;;;;;;;;;;;;;;;;;;;;
t_j100_m20.txt;0.9;1.5;180;68813;6;6577;6653.37;;;;;;;;;;;;;;;;;;;;;;
t_j100_m20.txt;0.9;1.5;180;368387;6;6560;6651.555;;;;;;;;;;;;;;;;;;;;;;
t_j100_m20.txt;0.9;1.5;180;687619;6;6531;6627.19;;;;;;;;;;;;;;;;;;;;;;
t_j100_m20.txt;0.9;1.5;180;354135;6;6542;6621.83;;;;;;;;;;;;;;;;;;;;;;
t_j100_m20.txt;0.9;1.5;180;839113;6;6513;6630.08;;;;;;;;;;;;;;;;;;;;;;
t_j100_m20.txt;0.9;1.5;180;123452;6;6542;6633.15;;;;;;;;;;;;;;;;;;;;;;
t_j200_m10.txt;0.1;1.5;180;12345;6;10951;11185.935;;;;;;;;;;;;;;;;;;;;;;
t_j200_m10.txt;0.1;1.5;180;435451;6;10973;11206.01;;;;;;;;;;;;;;;;;;;;;;
t_j200_m10.txt;0.1;1.5;180;56162;6;10973;11172.29;;;;;;;;;;;;;;;;;;;;;;
t_j200_m10.txt;0.1;1.5;180;68813;6;10970;11193.685;;;;;;;;;;;;;;;;;;;;;;
t_j200_m10.txt;0.1;1.5;180;368387;6;10927;11150.11;;;;;;;;;;;;;;;;;;;;;;
t_j200_m10.txt;0.1;1.5;180;687619;6;11002;11222.66;;;;;;;;;;;;;;;;;;;;;;
t_j200_m10.txt;0.1;1.5;180;354135;6;10999;11166.885;;;;;;;;;;;;;;;;;;;;;;
t_j200_m10.txt;0.1;1.5;180;839113;6;11001;11193.66;;;;;;;;;;;;;;;;;;;;;;
t_j200_m10.txt;0.1;1.5;180;123452;6;10948;11162.71;;;;;;;;;;;;;;;;;;;;;;
t_j200_m10.txt;0.2;1.5;180;12345;6;10951;11185.935;;;;;;;;;;;;;;;;;;;;;;
t_j200_m10.txt;0.2;1.5;180;435451;6;10973;11206.01;;;;;;;;;;;;;;;;;;;;;;
t_j200_m10.txt;0.2;1.5;180;56162;6;10973;11172.29;;;;;;;;;;;;;;;;;;;;;;
t_j200_m10.txt;0.2;1.5;180;68813;6;10970;11193.685;;;;;;;;;;;;;;;;;;;;;;
t_j200_m10.txt;0.2;1.5;180;368387;6;10927;11150.11;;;;;;;;;;;;;;;;;;;;;;
t_j200_m10.txt;0.2;1.5;180;687619;6;11002;11222.66;;;;;;;;;;;;;;;;;;;;;;
t_j200_m10.txt;0.2;1.5;180;354135;6;10999;11166.885;;;;;;;;;;;;;;;;;;;;;;
t_j200_m10.txt;0.2;1.5;180;839113;6;11001;11193.66;;;;;;;;;;;;;;;;;;;;;;
t_j200_m10.txt;0.2;1.5;180;123452;6;10948;11162.71;;;;;;;;;;;;;;;;;;;;;;
t_j200_m10.txt;0.3;1.5;180;12345;6;10951;11185.935;;;;;;;;;;;;;;;;;;;;;;
t_j200_m10.txt;0.3;1.5;180;435451;6;10973;11206.01;;;;;;;;;;;;;;;;;;;;;;
t_j200_m10.txt;0.3;1.5;180;56162;6;10973;11172.29;;;;;;;;;;;;;;;;;;;;;;
t_j200_m10.txt;0.3;1.5;180;68813;6;10970;11193.685;;;;;;;;;;;;;;;;;;;;;;
t_j200_m10.txt;0.3;1.5;180;368387;6;10927;11150.11;;;;;;;;;;;;;;;;;;;;;;
t_j200_m10.txt;0.3;1.5;180;687619;6;11002;11222.66;;;;;;;;;;;;;;;;;;;;;;
t_j200_m10.txt;0.3;1.5;180;354135;6;10999;11166.885;;;;;;;;;;;;;;;;;;;;;;
t_j200_m10.txt;0.3;1.5;180;839113;6;11001;11193.66;;;;;;;;;;;;;;;;;;;;;;
t_j200_m10.txt;0.3;1.5;180;123452;6;10948;11162.71;;;;;;;;;;;;;;;;;;;;;;
t_j200_m10.txt;0.4;1.5;180;12345;6;10951;11185.935;;;;;;;;;;;;;;;;;;;;;;
t_j200_m10.txt;0.4;1.5;180;435451;6;10973;11206.01;;;;;;;;;;;;;;;;;;;;;;
t_j200_m10.txt;0.4;1.5;180;56162;6;10973;11172.29;;;;;;;;;;;;;;;;;;;;;;
t_j200_m10.txt;0.4;1.5;180;68813;6;10970;11193.685;;;;;;;;;;;;;;;;;;;;;;
t_j200_m10.txt;0.4;1.5;180;368387;6;10927;11150.11;;;;;;;;;;;;;;;;;;;;;;
t_j200_m10.txt;0.4;1.5;180;687619;6;11002;11222.66;;;;;;;;;;;;;;;;;;;;;;
t_j200_m10.txt;0.4;1.5;180;354135;6;10999;11166.885;;;;;;;;;;;;;;;;;;;;;;
t_j200_m10.txt;0.4;1.5;180;839113;6;11001;11193.66;;;;;;;;;;;;;;;;;;;;;;
t_j200_m10.txt;0.4;1.5;180;123452;6;10948;11162.71;;;;;;;;;;;;;;;;;;;;;;
t_j200_m10.txt;0.5;1.5;180;12345;6;10951;11185.935;;;;;;;;;;;;;;;;;;;;;;
t_j200_m10.txt;0.5;1.5;180;435451;6;10973;11206.01;;;;;;;;;;;;;;;;;;;;;;
t_j200_m10.txt;0.5;1.5;180;56162;6;10973;11172.29;;;;;;;;;;;;;;;;;;;;;;
t_j200_m10.txt;0.5;1.5;180;68813;6;10970;11193.685;;;;;;;;;;;;;;;;;;;;;;
t_j200_m10.txt;0.5;1.5;180;368387;6;10927;11150.11;;;;;;;;;;;;;;;;;;;;;;
t_j200_m10.txt;0.5;1.5;180;687619;6;11002;11222.66;;;;;;;;;;;;;;;;;;;;;;
t_j200_m10.txt;0.5;1.5;180;354135;6;10999;11166.885;;;;;;;;;;;;;;;;;;;;;;
t_j200_m10.txt;0.5;1.5;180;839113;6;11001;11193.66;;;;;;;;;;;;;;;;;;;;;;
t_j200_m10.txt;0.5;1.5;180;123452;6;10948;11162.71;;;;;;;;;;;;;;;;;;;;;;
t_j200_m10.txt;0.6;1.5;180;12345;6;10951;11185.935;;;;;;;;;;;;;;;;;;;;;;
t_j200_m10.txt;0.6;1.5;180;435451;6;10973;11206.01;;;;;;;;;;;;;;;;;;;;;;
t_j200_m10.txt;0.6;1.5;180;56162;6;10973;11172.29;;;;;;;;;;;;;;;;;;;;;;
t_j200_m10.txt;0.6;1.5;180;68813;6;10970;11193.685;;;;;;;;;;;;;;;;;;;;;;
t_j200_m10.txt;0.6;1.5;180;368387;6;10927;11150.11;;;;;;;;;;;;;;;;;;;;;;
t_j200_m10.txt;0.6;1.5;180;687619;6;11002;11222.66;;;;;;;;;;;;;;;;;;;;;;
t_j200_m10.txt;0.6;1.5;180;354135;6;10999;11166.885;;;;;;;;;;;;;;;;;;;;;;
t_j200_m10.txt;0.6;1.5;180;839113;6;11001;11193.66;;;;;;;;;;;;;;;;;;;;;;
t_j200_m10.txt;0.6;1.5;180;123452;6;10948;11162.71;;;;;;;;;;;;;;;;;;;;;;
t_j200_m10.txt;0.7;1.5;180;12345;6;10951;11185.935;;;;;;;;;;;;;;;;;;;;;;
t_j200_m10.txt;0.7;1.5;180;435451;6;10973;11206.01;;;;;;;;;;;;;;;;;;;;;;
t_j200_m10.txt;0.7;1.5;180;56162;6;10973;11172.29;;;;;;;;;;;;;;;;;;;;;;
t_j200_m10.txt;0.7;1.5;180;68813;6;10970;11193.685;;;;;;;;;;;;;;;;;;;;;;
t_j200_m10.txt;0.7;1.5;180;368387;6;10927;11150.11;;;;;;;;;;;;;;;;;;;;;;
t_j200_m10.txt;0.7;1.5;180;687619;6;11002;11222.66;;;;;;;;;;;;;;;;;;;;;;
t_j200_m10.txt;0.7;1.5;180;354135;6;10999;11166.885;;;;;;;;;;;;;;;;;;;;;;
t_j200_m10.txt;0.7;1.5;180;839113;6;11001;11193.66;;;;;;;;;;;;;;;;;;;;;;
t_j200_m10.txt;0.7;1.5;180;123452;6;10948;11162.71;;;;;;;;;;;;;;;;;;;;;;
t_j200_m10.txt;0.8;1.5;180;12345;6;10951;11185.935;;;;;;;;;;;;;;;;;;;;;;
t_j200_m10.txt;0.8;1.5;180;435451;6;10973;11206.01;;;;;;;;;;;;;;;;;;;;;;
t_j200_m10.txt;0.8;1.5;180;56162;6;10973;11172.29;;;;;;;;;;;;;;;;;;;;;;
t_j200_m10.txt;0.8;1.5;180;68813;6;10970;11193.685;;;;;;;;;;;;;;;;;;;;;;
t_j200_m10.txt;0.8;1.5;180;368387;6;10927;11150.11;;;;;;;;;;;;;;;;;;;;;;
t_j200_m10.txt;0.8;1.5;180;687619;6;11002;11222.66;;;;;;;;;;;;;;;;;;;;;;
t_j200_m10.txt;0.8;1.5;180;354135;6;10999;11166.885;;;;;;;;;;;;;;;;;;;;;;
t_j200_m10.txt;0.8;1.5;180;839113;6;11001;11193.66;;;;;;;;;;;;;;;;;;;;;;
t_j200_m10.txt;0.8;1.5;180;123452;6;10948;11162.71;;;;;;;;;;;;;;;;;;;;;;
t_j200_m10.txt;0.9;1.5;180;12345;6;10951;11185.935;;;;;;;;;;;;;;;;;;;;;;
t_j200_m10.txt;0.9;1.5;180;435451;6;10973;11206.01;;;;;;;;;;;;;;;;;;;;;;
t_j200_m10.txt;0.9;1.5;180;56162;6;10973;11172.29;;;;;;;;;;;;;;;;;;;;;;
t_j200_m10.txt;0.9;1.5;180;68813;6;10970;11193.685;;;;;;;;;;;;;;;;;;;;;;
t_j200_m10.txt;0.9;1.5;180;368387;6;10927;11150.11;;;;;;;;;;;;;;;;;;;;;;
t_j200_m10.txt;0.9;1.5;180;687619;6;11002;11222.66;;;;;;;;;;;;;;;;;;;;;;
t_j200_m10.txt;0.9;1.5;180;354135;6;10999;11166.885;;;;;;;;;;;;;;;;;;;;;;
t_j200_m10.txt;0.9;1.5;180;839113;6;11001;11193.66;;;;;;;;;;;;;;;;;;;;;;
t_j200_m10.txt;0.9;1.5;180;123452;6;10948;11162.71;;;;;;;;;;;;;;;;;;;;;;
t_j200_m20.txt;0.1;1.5;180;12345;6;11609;11795.64;;;;;;;;;;;;;;;;;;;;;;
t_j200_m20.txt;0.1;1.5;180;435451;6;11665;11850.755;;;;;;;;;;;;;;;;;;;;;;
t_j200_m20.txt;0.1;1.5;180;56162;6;11700;11874.085;;;;;;;;;;;;;;;;;;;;;;
t_j200_m20.txt;0.1;1.5;180;68813;6;11685;11852.965;;;;;;;;;;;;;;;;;;;;;;
t_j200_m20.txt;0.1;1.5;180;368387;6;11652;11836.98;;;;;;;;;;;;;;;;;;;;;;
t_j200_m20.txt;0.1;1.5;180;687619;6;11689;11883;;;;;;;;;;;;;;;;;;;;;;
t_j200_m20.txt;0.1;1.5;180;354135;6;11644;11826.32;;;;;;;;;;;;;;;;;;;;;;
t_j200_m20.txt;0.1;1.5;180;839113;6;11646;11841.465;;;;;;;;;;;;;;;;;;;;;;
t_j200_m20.txt;0.1;1.5;180;123452;6;11614;11783.11;;;;;;;;;;;;;;;;;;;;;;
t_j200_m20.txt;0.2;1.5;180;12345;6;11609;11795.64;;;;;;;;;;;;;;;;;;;;;;
t_j200_m20.txt;0.2;1.5;180;435451;6;11665;11850.755;;;;;;;;;;;;;;;;;;;;;;
t_j200_m20.txt;0.2;1.5;180;56162;6;11700;11874.085;;;;;;;;;;;;;;;;;;;;;;
t_j200_m20.txt;0.2;1.5;180;68813;6;11685;11852.965;;;;;;;;;;;;;;;;;;;;;;
t_j200_m20.txt;0.2;1.5;180;368387;6;11652;11836.98;;;;;;;;;;;;;;;;;;;;;;
t_j200_m20.txt;0.2;1.5;180;687619;6;11689;11883;;;;;;;;;;;;;;;;;;;;;;
t_j200_m20.txt;0.2;1.5;180;354135;6;11644;11826.32;;;;;;;;;;;;;;;;;;;;;;
t_j200_m20.txt;0.2;1.5;180;839113;6;11646;11841.465;;;;;;;;;;;;;;;;;;;;;;
t_j200_m20.txt;0.2;1.5;180;123452;6;11614;11783.11;;;;;;;;;;;;;;;;;;;;;;
t_j200_m20.txt;0.3;1.5;180;12345;6;11609;11795.64;;;;;;;;;;;;;;;;;;;;;;
t_j200_m20.txt;0.3;1.5;180;435451;6;11665;11850.755;;;;;;;;;;;;;;;;;;;;;;
t_j200_m20.txt;0.3;1.5;180;56162;6;11700;11874.085;;;;;;;;;;;;;;;;;;;;;;
t_j200_m20.txt;0.3;1.5;180;68813;6;11685;11852.965;;;;;;;;;;;;;;;;;;;;;;
t_j200_m20.txt;0.3;1.5;180;368387;6;11652;11836.98;;;;;;;;;;;;;;;;;;;;;;
t_j200_m20.txt;0.3;1.5;180;687619;6;11689;11883;;;;;;;;;;;;;;;;;;;;;;
t_j200_m20.txt;0.3;1.5;180;354135;6;11644;11826.32;;;;;;;;;;;;;;;;;;;;;;
t_j200_m20.txt;0.3;1.5;180;839113;6;11646;11841.465;;;;;;;;;;;;;;;;;;;;;;
t_j200_m20.txt;0.3;1.5;180;123452;6;11614;11783.11;;;;;;;;;;;;;;;;;;;;;;
t_j200_m20.txt;0.4;1.5;180;12345;6;11609;11795.64;;;;;;;;;;;;;;;;;;;;;;
t_j200_m20.txt;0.4;1.5;180;435451;6;11665;11850.755;;;;;;;;;;;;;;;;;;;;;;
t_j200_m20.txt;0.4;1.5;180;56162;6;11700;11874.085;;;;;;;;;;;;;;;;;;;;;;
t_j200_m20.txt;0.4;1.5;180;68813;6;11685;11852.965;;;;;;;;;;;;;;;;;;;;;;
t_j200_m20.txt;0.4;1.5;180;368387;6;11652;11836.98;;;;;;;;;;;;;;;;;;;;;;
t_j200_m20.txt;0.4;1.5;180;687619;6;11689;11883;;;;;;;;;;;;;;;;;;;;;;
t_j200_m20.txt;0.4;1.5;180;354135;6;11644;11826.32;;;;;;;;;;;;;;;;;;;;;;
t_j200_m20.txt;0.4;1.5;180;839113;6;11646;11841.465;;;;;;;;;;;;;;;;;;;;;;
t_j200_m20.txt;0.4;1.5;180;123452;6;11614;11783.11;;;;;;;;;;;;;;;;;;;;;;
t_j200_m20.txt;0.5;1.5;180;12345;6;11609;11795.64;;;;;;;;;;;;;;;;;;;;;;
t_j200_m20.txt;0.5;1.5;180;435451;6;11665;11850.755;;;;;;;;;;;;;;;;;;;;;;
t_j200_m20.txt;0.5;1.5;180;56162;6;11700;11874.085;;;;;;;;;;;;;;;;;;;;;;
t_j200_m20.txt;0.5;1.5;180;68813;6;11685;11852.965;;;;;;;;;;;;;;;;;;;;;;
t_j200_m20.txt;0.5;1.5;180;368387;6;11652;11836.98;;;;;;;;;;;;;;;;;;;;;;
t_j200_m20.txt;0.5;1.5;180;687619;6;11689;11883;;;;;;;;;;;;;;;;;;;;;;
t_j200_m20.txt;0.5;1.5;180;354135;6;11644;11826.32;;;;;;;;;;;;;;;;;;;;;;
t_j200_m20.txt;0.5;1.5;180;839113;6;11646;11841.465;;;;;;;;;;;;;;;;;;;;;;
t_j200_m20.txt;0.5;1.5;180;123452;6;11614;11783.11;;;;;;;;;;;;;;;;;;;;;;
t_j200_m20.txt;0.6;1.5;180;12345;6;11609;11795.64;;;;;;;;;;;;;;;;;;;;;;
t_j200_m20.txt;0.6;1.5;180;435451;6;11665;11850.755;;;;;;;;;;;;;;;;;;;;;;
t_j200_m20.txt;0.6;1.5;180;56162;6;11700;11874.085;;;;;;;;;;;;;;;;;;;;;;
t_j200_m20.txt;0.6;1.5;180;68813;6;11685;11852.965;;;;;;;;;;;;;;;;;;;;;;
t_j200_m20.txt;0.6;1.5;180;368387;6;11652;11836.98;;;;;;;;;;;;;;;;;;;;;;
t_j200_m20.txt;0.6;1.5;180;687619;6;11689;11883;;;;;;;;;;;;;;;;;;;;;;
t_j200_m20.txt;0.6;1.5;180;354135;6;11644;11826.32;;;;;;;;;;;;;;;;;;;;;;
t_j200_m20.txt;0.6;1.5;180;839113;6;11646;11841.465;;;;;;;;;;;;;;;;;;;;;;
t_j200_m20.txt;0.6;1.5;180;123452;6;11614;11783.11;;;;;;;;;;;;;;;;;;;;;;
t_j200_m20.txt;0.7;1.5;180;12345;6;11609;11795.64;;;;;;;;;;;;;;;;;;;;;;
t_j200_m20.txt;0.7;1.5;180;435451;6;11665;11850.755;;;;;;;;;;;;;;;;;;;;;;
t_j200_m20.txt;0.7;1.5;180;56162;6;11700;11874.085;;;;;;;;;;;;;;;;;;;;;;
t_j200_m20.txt;0.7;1.5;180;68813;6;11685;11852.965;;;;;;;;;;;;;;;;;;;;;;
t_j200_m20.txt;0.7;1.5;180;368387;6;11652;11836.98;;;;;;;;;;;;;;;;;;;;;;
t_j200_m20.txt;0.7;1.5;180;687619;6;11689;11883;;;;;;;;;;;;;;;;;;;;;;
t_j200_m20.txt;0.7;1.5;180;354135;6;11644;11826.32;;;;;;;;;;;;;;;;;;;;;;
t_j200_m20.txt;0.7;1.5;180;839113;6;11646;11841.465;;;;;;;;;;;;;;;;;;;;;;
t_j200_m20.txt;0.7;1.5;180;123452;6;11614;11783.11;;;;;;;;;;;;;;;;;;;;;;
t_j200_m20.txt;0.8;1.5;180;12345;6;11609;11795.64;;;;;;;;;;;;;;;;;;;;;;
t_j200_m20.txt;0.8;1.5;180;435451;6;11665;11850.755;;;;;;;;;;;;;;;;;;;;;;
t_j200_m20.txt;0.8;1.5;180;56162;6;11700;11874.085;;;;;;;;;;;;;;;;;;;;;;
t_j200_m20.txt;0.8;1.5;180;68813;6;11685;11852.965;;;;;;;;;;;;;;;;;;;;;;
t_j200_m20.txt;0.8;1.5;180;368387;6;11652;11836.98;;;;;;;;;;;;;;;;;;;;;;
t_j200_m20.txt;0.8;1.5;180;687619;6;11689;11883;;;;;;;;;;;;;;;;;;;;;;
t_j200_m20.txt;0.8;1.5;180;354135;6;11644;11826.32;;;;;;;;;;;;;;;;;;;;;;
t_j200_m20.txt;0.8;1.5;180;839113;6;11646;11841.465;;;;;;;;;;;;;;;;;;;;;;
t_j200_m20.txt;0.8;1.5;180;123452;6;11614;11783.11;;;;;;;;;;;;;;;;;;;;;;
t_j200_m20.txt;0.9;1.5;180;12345;6;11609;11795.64;;;;;;;;;;;;;;;;;;;;;;
t_j200_m20.txt;0.9;1.5;180;435451;6;11665;11850.755;;;;;;;;;;;;;;;;;;;;;;
t_j200_m20.txt;0.9;1.5;180;56162;6;11700;11874.085;;;;;;;;;;;;;;;;;;;;;;
t_j200_m20.txt;0.9;1.5;180;68813;6;11685;11852.965;;;;;;;;;;;;;;;;;;;;;;
t_j200_m20.txt;0.9;1.5;180;368387;6;11652;11836.98;;;;;;;;;;;;;;;;;;;;;;
t_j200_m20.txt;0.9;1.5;180;687619;6;11689;11883;;;;;;;;;;;;;;;;;;;;;;
t_j200_m20.txt;0.9;1.5;180;354135;6;11644;11826.32;;;;;;;;;;;;;;;;;;;;;;
t_j200_m20.txt;0.9;1.5;180;839113;6;11646;11841.465;;;;;;;;;;;;;;;;;;;;;;
t_j200_m20.txt;0.9;1.5;180;123452;6;11614;11783.11;;;;;;;;;;;;;;;;;;;;;;
t_j500_m20.txt;0.1;1.5;180;12345;6;26760;27199.745;;;;;;;;;;;;;;;;;;;;;;
t_j500_m20.txt;0.1;1.5;180;435451;6;26763;27197.625;;;;;;;;;;;;;;;;;;;;;;
t_j500_m20.txt;0.1;1.5;180;56162;6;26772;27239.1;;;;;;;;;;;;;;;;;;;;;;
t_j500_m20.txt;0.1;1.5;180;68813;6;26843;27335.46;;;;;;;;;;;;;;;;;;;;;;
t_j500_m20.txt;0.1;1.5;180;368387;6;26829;27308.25;;;;;;;;;;;;;;;;;;;;;;
t_j500_m20.txt;0.1;1.5;180;687619;6;26682;27133.055;;;;;;;;;;;;;;;;;;;;;;
t_j500_m20.txt;0.1;1.5;180;354135;6;26781;27292.17;;;;;;;;;;;;;;;;;;;;;;
t_j500_m20.txt;0.1;1.5;180;839113;6;26840;27274.405;;;;;;;;;;;;;;;;;;;;;;
t_j500_m20.txt;0.1;1.5;180;123452;6;26774;27257.81;;;;;;;;;;;;;;;;;;;;;;
t_j500_m20.txt;0.2;1.5;180;12345;6;26760;27199.745;;;;;;;;;;;;;;;;;;;;;;
t_j500_m20.txt;0.2;1.5;180;435451;6;26763;27197.625;;;;;;;;;;;;;;;;;;;;;;
t_j500_m20.txt;0.2;1.5;180;56162;6;26772;27239.1;;;;;;;;;;;;;;;;;;;;;;
t_j500_m20.txt;0.2;1.5;180;68813;6;26843;27335.46;;;;;;;;;;;;;;;;;;;;;;
t_j500_m20.txt;0.2;1.5;180;368387;6;26829;27308.25;;;;;;;;;;;;;;;;;;;;;;
t_j500_m20.txt;0.2;1.5;180;687619;6;26682;27133.055;;;;;;;;;;;;;;;;;;;;;;
t_j500_m20.txt;0.2;1.5;180;354135;6;26781;27292.17;;;;;;;;;;;;;;;;;;;;;;
t_j500_m20.txt;0.2;1.5;180;839113;6;26840;27274.405;;;;;;;;;;;;;;;;;;;;;;
t_j500_m20.txt;0.2;1.5;180;123452;6;26774;27257.81;;;;;;;;;;;;;;;;;;;;;;
t_j500_m20.txt;0.3;1.5;180;12345;6;26760;27199.745;;;;;;;;;;;;;;;;;;;;;;
t_j500_m20.txt;0.3;1.5;180;435451;6;26763;27197.625;;;;;;;;;;;;;;;;;;;;;;
t_j500_m20.txt;0.3;1.5;180;56162;6;26772;27239.1;;;;;;;;;;;;;;;;;;;;;;
t_j500_m20.txt;0.3;1.5;180;68813;6;26843;27335.46;;;;;;;;;;;;;;;;;;;;;;
t_j500_m20.txt;0.3;1.5;180;368387;6;26829;27308.25;;;;;;;;;;;;;;;;;;;;;;
t_j500_m20.txt;0.3;1.5;180;687619;6;26682;27133.055;;;;;;;;;;;;;;;;;;;;;;
t_j500_m20.txt;0.3;1.5;180;354135;6;26781;27292.17;;;;;;;;;;;;;;;;;;;;;;
t_j500_m20.txt;0.3;1.5;180;839113;6;26840;27274.405;;;;;;;;;;;;;;;;;;;;;;
t_j500_m20.txt;0.3;1.5;180;123452;6;26774;27257.81;;;;;;;;;;;;;;;;;;;;;;
t_j500_m20.txt;0.4;1.5;180;12345;6;26760;27199.745;;;;;;;;;;;;;;;;;;;;;;
t_j500_m20.txt;0.4;1.5;180;435451;6;26763;27197.625;;;;;;;;;;;;;;;;;;;;;;
t_j500_m20.txt;0.4;1.5;180;56162;6;26772;27239.1;;;;;;;;;;;;;;;;;;;;;;
t_j500_m20.txt;0.4;1.5;180;68813;6;26843;27335.46;;;;;;;;;;;;;;;;;;;;;;
t_j500_m20.txt;0.4;1.5;180;368387;6;26829;27308.25;;;;;;;;;;;;;;;;;;;;;;
t_j500_m20.txt;0.4;1.5;180;687619;6;26682;27133.055;;;;;;;;;;;;;;;;;;;;;;
t_j500_m20.txt;0.4;1.5;180;354135;6;26781;27292.17;;;;;;;;;;;;;;;;;;;;;;
t_j500_m20.txt;0.4;1.5;180;839113;6;26840;27274.405;;;;;;;;;;;;;;;;;;;;;;
t_j500_m20.txt;0.4;1.5;180;123452;6;26774;27257.81;;;;;;;;;;;;;;;;;;;;;;
t_j500_m20.txt;0.5;1.5;180;12345;6;26760;27199.745;;;;;;;;;;;;;;;;;;;;;;
t_j500_m20.txt;0.5;1.5;180;435451;6;26763;27197.625;;;;;;;;;;;;;;;;;;;;;;
t_j500_m20.txt;0.5;1.5;180;56162;6;26772;27239.1;;;;;;;;;;;;;;;;;;;;;;
t_j500_m20.txt;0.5;1.5;180;68813;6;26843;27335.46;;;;;;;;;;;;;;;;;;;;;;
t_j500_m20.txt;0.5;1.5;180;368387;6;26829;27308.25;;;;;;;;;;;;;;;;;;;;;;
t_j500_m20.txt;0.5;1.5;180;687619;6;26682;27133.055;;;;;;;;;;;;;;;;;;;;;;
t_j500_m20.txt;0.5;1.5;180;354135;6;26781;27292.17;;;;;;;;;;;;;;;;;;;;;;
t_j500_m20.txt;0.5;1.5;180;839113;6;26840;27274.405;;;;;;;;;;;;;;;;;;;;;;
t_j500_m20.txt;0.5;1.5;180;123452;6;26774;27257.81;;;;;;;;;;;;;;;;;;;;;;
t_j500_m20.txt;0.6;1.5;180;12345;6;26760;27199.745;;;;;;;;;;;;;;;;;;;;;;
t_j500_m20.txt;0.6;1.5;180;435451;6;26763;27197.625;;;;;;;;;;;;;;;;;;;;;;
t_j500_m20.txt;0.6;1.5;180;56162;6;26772;27239.1;;;;;;;;;;;;;;;;;;;;;;
t_j500_m20.txt;0.6;1.5;180;68813;6;26843;27335.46;;;;;;;;;;;;;;;;;;;;;;
t_j500_m20.txt;0.6;1.5;180;368387;6;26829;27308.25;;;;;;;;;;;;;;;;;;;;;;
t_j500_m20.txt;0.6;1.5;180;687619;6;26682;27133.055;;;;;;;;;;;;;;;;;;;;;;
t_j500_m20.txt;0.6;1.5;180;354135;6;26781;27292.17;;;;;;;;;;;;;;;;;;;;;;
t_j500_m20.txt;0.6;1.5;180;839113;6;26840;27274.405;;;;;;;;;;;;;;;;;;;;;;
t_j500_m20.txt;0.6;1.5;180;123452;6;26774;27257.81;;;;;;;;;;;;;;;;;;;;;;
t_j500_m20.txt;0.7;1.5;180;12345;6;26760;27199.745;;;;;;;;;;;;;;;;;;;;;;
t_j500_m20.txt;0.7;1.5;180;435451;6;26763;27197.625;;;;;;;;;;;;;;;;;;;;;;
t_j500_m20.txt;0.7;1.5;180;56162;6;26772;27239.1;;;;;;;;;;;;;;;;;;;;;;
t_j500_m20.txt;0.7;1.5;180;68813;6;26843;27335.46;;;;;;;;;;;;;;;;;;;;;;
t_j500_m20.txt;0.7;1.5;180;368387;6;26829;27308.25;;;;;;;;;;;;;;;;;;;;;;
t_j500_m20.txt;0.7;1.5;180;687619;6;26682;27133.055;;;;;;;;;;;;;;;;;;;;;;
t_j500_m20.txt;0.7;1.5;180;354135;6;26781;27292.17;;;;;;;;;;;;;;;;;;;;;;
t_j500_m20.txt;0.7;1.5;180;839113;6;26840;27274.405;;;;;;;;;;;;;;;;;;;;;;
t_j500_m20.txt;0.7;1.5;180;123452;6;26774;27257.81;;;;;;;;;;;;;;;;;;;;;;
t_j500_m20.txt;0.8;1.5;180;12345;6;26760;27199.745;;;;;;;;;;;;;;;;;;;;;;
t_j500_m20.txt;0.8;1.5;180;435451;6;26763;27197.625;;;;;;;;;;;;;;;;;;;;;;
t_j500_m20.txt;0.8;1.5;180;56162;6;26772;27239.1;;;;;;;;;;;;;;;;;;;;;;
t_j500_m20.txt;0.8;1.5;180;68813;6;26843;27335.46;;;;;;;;;;;;;;;;;;;;;;
t_j500_m20.txt;0.8;1.5;180;368387;6;26829;27308.25;;;;;;;;;;;;;;;;;;;;;;
t_j500_m20.txt;0.8;1.5;180;687619;6;26682;27133.055;;;;;;;;;;;;;;;;;;;;;;
t_j500_m20.txt;0.8;1.5;180;354135;6;26781;27292.17;;;;;;;;;;;;;;;;;;;;;;
t_j500_m20.txt;0.8;1.5;180;839113;6;26840;27274.405;;;;;;;;;;;;;;;;;;;;;;
t_j500_m20.txt;0.8;1.5;180;123452;6;26774;27257.81;;;;;;;;;;;;;;;;;;;;;;
t_j500_m20.txt;0.9;1.5;180;12345;6;26760;27199.745;;;;;;;;;;;;;;;;;;;;;;
t_j500_m20.txt;0.9;1.5;180;435451;6;26763;27197.625;;;;;;;;;;;;;;;;;;;;;;
t_j500_m20.txt;0.9;1.5;180;56162;6;26772;27239.1;;;;;;;;;;;;;;;;;;;;;;
t_j500_m20.txt;0.9;1.5;180;68813;6;26843;27335.46;;;;;;;;;;;;;;;;;;;;;;
t_j500_m20.txt;0.9;1.5;180;368387;6;26829;27308.25;;;;;;;;;;;;;;;;;;;;;;
t_j500_m20.txt;0.9;1.5;180;687619;6;26682;27133.055;;;;;;;;;;;;;;;;;;;;;;
t_j500_m20.txt;0.9;1.5;180;354135;6;26781;27292.17;;;;;;;;;;;;;;;;;;;;;;
t_j500_m20.txt;0.9;1.5;180;839113;6;26840;27274.405;;;;;;;;;;;;;;;;;;;;;;
t_j500_m20.txt;0.9;1.5;180;123452;6;26774;27257.81;;;;;;;;;;;;;;;;;;;;;;
t_j20_m5.txt;0.4;1.5;60;12345;4;1278;1353.495;;;;;;;;;;;;;;;;;;;;;;
